companyname,companywebsite,companyemaildomain,linkedincompanypageurl,stocksymbol,industry,city,state,companycountry,zipcode
VIC Health - Monash Health - Monash Medical Centre Clayton,vichealth.vic.gov.au,vichealth.vic.gov.au,,,,,,AU,
Canberra Data Centres Pty Ltd Hume 1 - 3,canberra.com.au,canberra.com.au,,,,,,AU,
Airtrunk Operating Pty Ltd,airtrunk.com,airtrunk.com,,,,,,AU,
Jones Lang Lasalle Australia Pty Ltd - Sydney,joneslanglasalle.com.au,joneslanglasalle.com.au,,,,,,AU,
Anglogold Ashanti Australia Ltd - Perth,anglogoldashanti.com,anglogoldashanti.com,,,,,,AU,
Telstra Corporation Ltd Melbourne,telstra.com.au,telstra.com.au,,,,,,AU,
Woolworths Group Ltd,woolworthsgroup.com.au,woolworthsgroup.com.au,,,,,,AU,
CNW Electrical Byron Bay,cnw.com.au,cnw.com.au,,,,,,AU,
Peninsula Health,peninsulahealth.org.au,peninsulahealth.org.au,,,,,,AU,
Kmart Australia Ltd,kmart.co.nz,kmart.co.nz,,,,,,NZ,
Gold Coast City Council Molendinar,goldcoastcityflorist.com.au,goldcoastcityflorist.com.au,,,,,,AU,
Rio Tinto Group - Headquarters,riotinto.com,riotinto.com,,,,,,AU,
Chevron Australia Pty Ltd Perth,chevron.com,chevron.com,,,,,,AU,
Bendigo Health Care Group,bendigohealth.org.au,bendigohealth.org.au,,,,,,AU,
Hamersley Iron Pty Ltd,hamersleyrovers.com.au,hamersleyrovers.com.au,,,,,,AU,
STACK Infrastructure - Australia,stackinfra.com,stackinfra.com,,,,,,AU,
Hancock Prospecting Pty Ltd - West Perth,hancockprospecting.com.au,hancockprospecting.com.au,,,,,,AU,
Ampol Refineries (NSW) Pty Ltd,ampol.com.au,ampol.com.au,,,,,,AU,
Glencore (Mount Owen Coal Mine),mangoolamine.com.au,mangoolamine.com.au,,,,,,AU,
Wesfarmers Pty Ltd Perth,wesfarmershealth.com.au,wesfarmershealth.com.au,,,,,,AU,
Te Whatu Ora Health New Zealand,waikatodhb.health.nz,waikatodhb.health.nz,,,,,,NZ,
Transport For NSW HQ Chippendale,transport.nsw.gov.au,transport.nsw.gov.au,,,,,,AU,
Vantage Australia (MEL11),vantagemarkets.com,vantagemarkets.com,,,,,,AU,
Viva Energy Australia Ltd Hawthorn,vivaenergyau.com,vivaenergyau.com,,,,,,AU,
Western Power Corporation HQ,westernpower.com.au,westernpower.com.au,,,,,,AU,
Equinix Australia Pty Ltd,equinix.com,equinix.com,,,,,,AU,
DCI Data Centers - Headquarter,dcidatacenters.com,dcidatacenters.com,,,,,,AU,
Amazon Web Services Australia Pty Ltd,amazon.com,amazon.com,,,,,,AU,
NextDC - HQ,nextdc.com,nextdc.com,,,,,,AU,
South32 HQ,south32.com,south32.com,,,,,,AU,
Perdaman Industries,perdaman.com.au,perdaman.com.au,,,,,,AU,
Western Sydney Airport Co.,westernsydneyairport.gov.au,westernsydneyairport.gov.au,,,,,,AU,
Leading Edge Data Centres Pty Ltd,leadingedgedc.com,leadingedgedc.com,,,,,,AU,
Newcrest Mining Ltd Melbourne,newcrest.com,newcrest.com,,,,,,AU,
Exxon Mobil Australia - Melbourne Victoria,exxonmobil.com,exxonmobil.com,,,,,,AU,
Roy Hill Holdings Pty Ltd Perth,royhill.com.au,royhill.com.au,,,,,,AU,
Bluescope Steel Ltd Melbourne,bluescopesteel.com.au,bluescopesteel.com.au,,,,,,AU,
Origin Energy Power Ltd Head Quarters Sydney,originenergy.com.au,originenergy.com.au,,,,,,AU,
Ausgrid Sydney (HQ),ausgrid.com.au,ausgrid.com.au,,,,,,AU,
Energex Ltd Newstead,energex.com.au,energex.com.au,,,,,,AU,
Optus Networks Pty Ltd Macquarie Park,optus.com.au,optus.com.au,,,,,,AU,
AGL Energy Ltd Sydney,aglblog.com.au,aglblog.com.au,,,,,,AU,
BHP Mt Arthur (HUNTER VALLEY ENERGY COAL),bhp.com,bhp.com,,,,,,AU,
Northern Star Resources Ltd Subiaco,nsrltd.com,nsrltd.com,,,,,,AU,
Woodside Burrup Pty Ltd,woodside.com.au,woodside.com.au,,,,,,AU,
Goldwind Australia Pty Ltd Melbourne,goldwindaustralia.com,goldwindaustralia.com,,,,,,AU,
Roads & Maritime Services HQ - North Sydney,roads.com.au,roads.com.au,,,,,,AU,
Endeavour Drinks Group,endeavour.sa.edu.au,endeavour.sa.edu.au,,,,,,AU,
Ergon Energy Corporation Ltd Townsville,ergon.com.au,ergon.com.au,,,,,,AU,
AWM Electrical Bendigo 325,awm.com,awm.com,,,,,,AU,
Queensland Rail Brisbane HQ,queenslandrail.com.au,queenslandrail.com.au,,,,,,AU,
Mater Health Services,mater.org,mater.org,,,,,,AU,
Sydney Water Corporation Parramatta,sydneywater.com.au,sydneywater.com.au,,,,,,AU,
Microsoft Datacenter (Australia) Pty Ltd Seven Hills,microsoft.com,microsoft.com,,,,,,AU,
Lend Lease P'Pty Mgmt Aust Pty Ltd International Towers Sydney,lendlease.com,lendlease.com,,,,,,AU,
Fortescue Metals Group Ltd,fortescue.com,fortescue.com,,,,,,AU,
AusNet Electricity Srvs - Southbank,ausnet.com.au,ausnet.com.au,,,,,,AU,
Woodside Energy Ltd Perth,woodside.com,woodside.com,,,,,,AU,
SA Power Networks Keswick,sapowernetworks.com.au,sapowernetworks.com.au,,,,,,AU,
Tahmoor Coal Pty Ltd Tahmoor Coal,tahmoorinn.com.au,tahmoorinn.com.au,,,,,,AU,
Iluka Resources Ltd Eneabba,iluka.com,iluka.com,,,,,,AU,
Vestas - Australian Wind Technology Pty Ltd,vestas.com,vestas.com,,,,,,AU,
Evolution Mining Ltd,evolutionmining.com.au,evolutionmining.com.au,,,,,,AU,
Graincorp Oilseeds Pty Ltd,graincorp.com.au,graincorp.com.au,,,,,,AU,
Coles Supermarkets Australia Pty Ltd,coles.com.au,coles.com.au,,,,,,AU,
PNG Power Ltd,pngpower.com.pg,pngpower.com.pg,,,,,,AU,
Newmont Australia Pty Ltd Subiaco,newmont.com,newmont.com,,,,,,AU,
Digital Realty Datafirm Llc North Sydney,digitalrealty.com,digitalrealty.com,,,,,,AU,
Alcoa Of Australia Ltd Pinjarra,alcoa.com,alcoa.com,,,,,,AU,
STANMORE RESOURCES LIMITED,stanmore.au,stanmore.au,,,,,,AU,
Water Corporation of WA Leederville,watercorporation.com.au,watercorporation.com.au,,,,,,AU,
Macquarie Technology Operations Pty Ltd,macquarietechnologygroup.com,macquarietechnologygroup.com,,,,,,AU,
Darling Downs Hospital & Health Service,darlingdownsautoglass.com.au,darlingdownsautoglass.com.au,,,,,,AU,
Webuild S.P.A. Australia,webuildgroup.com,webuildgroup.com,,,,,,AU,
SA Water Corporation Head Office Adelaide,sawater.com.au,sawater.com.au,,,,,,AU,
Port Authority of NSW,portauthoritynsw.com.au,portauthoritynsw.com.au,,,,,,AU,
WA Health Department,health.wa.gov.au,health.wa.gov.au,,,,,,AU,
Red Energy Pty Ltd East Richmond,redenergy.com.au,redenergy.com.au,,,,,,AU,
Costco Wholesale Australia Pty Ltd,costco.com,costco.com,,,,,,AU,
Dexus Property Group The Trustee for Dexus CPA Trust,dexus.com,dexus.com,,,,,,AU,
Orora Ltd Hawthorn,ororabeverage.com,ororabeverage.com,,,,,,AU,
Alpha Hpa Ltd,alphahpa.com.au,alphahpa.com.au,,,,,,AU,
Energy Queensland Ltd,energyq.com.au,energyq.com.au,,,,,,AU,
QBUILD Dept Of Housing & Public Works,qbuild.com,qbuild.com,,,,,,AU,
Multiplex Pty Ltd,multiplex.ua,multiplex.ua,,,,,,AU,
University Of New South Wales,newhaven.edu,newhaven.edu,,,,,,AU,
EVO Energy Greenway,evoenergy.com.au,evoenergy.com.au,,,,,,AU,
Australia Pacific Airports HQ Melbourne Pty Ltd,apeccables.com.au,apeccables.com.au,,,,,,AU,
Sydney Trains,sydneytools.com.au,sydneytools.com.au,,,,,,AU,
Nufarm Australia Ltd,nufarm.com.au,nufarm.com.au,,,,,,AU,
Essential Energy Grafton,essentialenergy.com.au,essentialenergy.com.au,,,,,,AU,
Transpower New Zealand LTD,transpower.cc,transpower.cc,,,,,,NZ,
Saputo Dairy Australia Pty Ltd Head Office,saputodairyaustralia.com.au,saputodairyaustralia.com.au,,,,,,AU,
NSW Department Of Education (MASTER),schoolinfrastructure.nsw.gov.au,schoolinfrastructure.nsw.gov.au,,,,,,AU,
University Of Queensland St Lucia,uqu.com.au,uqu.com.au,,,,,,AU,
Fletcher Insulation Pty Ltd Dandenong,insulation.com.au,insulation.com.au,,,,,,AU,
Northpower Ltd Whangarei (parent a/c),northpower.co.nz,northpower.co.nz,,,,,,NZ,
MACH Energy - Mt Pleasant Operations,machenergy.com,machenergy.com,,,,,,AU,
Hancock Coal Pty Ltd,hancockcoal.com.au,hancockcoal.com.au,,,,,,AU,
Siemens Ltd Bowen Hills,siemens.com,siemens.com,,,,,,AU,
Oracle Energy Pty Ltd,oracleenergy.com,oracleenergy.com,,,,,,AU,
Department For Infrastructure & Transport South Australia,dit.sa.gov.au,dit.sa.gov.au,,,,,,AU,
Department of Home Affairs Belconnen,homeaffairs.gov.au,homeaffairs.gov.au,,,,,,AU,
Whitehaven Coal Ltd Sydney,whitehavencoal.com.au,whitehavencoal.com.au,,,,,,AU,
Advanced Electrical Osborne Park,advanced-electrical.co.nz,advanced-electrical.co.nz,,,,,,NZ,
Hastings Deering (Australia) Ltd,hastingsdeering.com.au,hastingsdeering.com.au,,,,,,AU,
Ford Motor Company Of Australia Ltd,ford.com,ford.com,,,,,,AU,
Tronox Pigment Bunbury Ltd,tronox.com,tronox.com,,,,,,AU,
New Zealand Steel Auckland,nzsteel.co.nz,nzsteel.co.nz,,,,,,NZ,
CSIRO Acton,csiro.au,csiro.au,,,,,,AU,
Gold Fields Australia Pty Ltd,goldfieldscamp.com.au,goldfieldscamp.com.au,,,,,,AU,
Middy's Oakleigh,middys.com.au,middys.com.au,,,,,,AU,
Active Electrical Bendigo,goactive.nz,goactive.nz,,,,,,NZ,
SA Health Dept for Health & Wellbeing,sahealth.sa.gov.au,sahealth.sa.gov.au,,,,,,AU,
Endeavour Energy Parramatta,endeavourenergy.com.au,endeavourenergy.com.au,,,,,,AU,
Moolarben Coal Operations Pty Ltd,moolarbencoal.com.au,moolarbencoal.com.au,,,,,,AU,
Baiada Pty Ltd,baiada.com.au,baiada.com.au,,,,,,AU,
George Weston Foods Ltd North Ryde,georgeweston.com.au,georgeweston.com.au,,,,,,AU,
Rexel Welshpool DC,rexel.com,rexel.com,,,,,,AU,
Toyota Australia - Altona North (494 Grieve Pde) VIC,toyota.com.au,toyota.com.au,,,,,,AU,
Commonwealth Bank (CBA) Sydney,commbank.com.au,commbank.com.au,,,,,,AU,
Bega Cheese Ltd - Bega,begacheese.com.au,begacheese.com.au,,,,,,AU,
Queensland Alumina Ltd,qal.com.au,qal.com.au,,,,,,AU,
Department of VIC Roads - HQ,justice.nsw.gov.au,justice.nsw.gov.au,,,,,,AU,
Tatura Milk Industries Pty Ltd,tatmilk.com.au,tatmilk.com.au,,,,,,AU,
NSW Health - Northern Region,health.nsw.gov.au,health.nsw.gov.au,,,,,,AU,
Sydney Metro HQ,sydneymetroav.com.au,sydneymetroav.com.au,,,,,,AU,
Tasmanian Networks Pty Ltd Lenah Valley,tasmanian.com.au,tasmanian.com.au,,,,,,AU,
BMW Australia Ltd Mulgrave,bmwsydney.com.au,bmwsydney.com.au,,,,,,AU,
Port Of Newcastle Operations Pty Ltd Newcastle,portofnewcastle.com.au,portofnewcastle.com.au,,,,,,AU,
Jemena Asset Management Pty Ltd,jemena.com.au,jemena.com.au,,,,,,AU,
Mirvac Ltd Sydney,bourkeplace.com.au,bourkeplace.com.au,,,,,,AU,
Metcash Ltd,metcash.com,metcash.com,,,,,,AU,
Wilmar Sugar Pty Ltd Townsville,wilmarsugar-anz.com,wilmarsugar-anz.com,,,,,,AU,
Metro Trains Melbourne Melbourne (Spring St),metrotrains.com.au,metrotrains.com.au,,,,,,AU,
Volkswagen Group Australia Pty Ltd,volkswagengroup.com.au,volkswagengroup.com.au,,,,,,AU,
Pact Group Holdings (Australia) Pty Ltd,pactgroup.com,pactgroup.com,,,,,,AU,
Toowoomba City Council Australia,toowoombacityrealty.com.au,toowoombacityrealty.com.au,,,,,,AU,
Teys Australia Pty Ltd Eight Mile Plains,teysaustralia.com.au,teysaustralia.com.au,,,,,,AU,
Deakin University Burwood,deakin.edu.au,deakin.edu.au,,,,,,AU,
Melbourne Water Corporation Docklands,melbournewater.com.au,melbournewater.com.au,,,,,,AU,
Metal Manufactures Pty Ltd North Rocks,metalmanufactures.com.au,metalmanufactures.com.au,,,,,,AU,
TasNetworks - Lenah Valley,tasnetworks.com.au,tasnetworks.com.au,,,,,,AU,
Super Retail Group Strathpine,superretailgroup.com.au,superretailgroup.com.au,,,,,,AU,
Beach Energy Resources (Kupe) Ltd,beachenergy.com.au,beachenergy.com.au,,,,,,AU,
Caterpillar Of Australia Pty Ltd Brisbane City,cat.com,cat.com,,,,,,AU,
Citic Pacific Mining (Sino Iron),citicpacificmining.com,citicpacificmining.com,,,,,,AU,
Mcdonalds Australia Ltd,mcdonalds.com,mcdonalds.com,,,,,,AU,
Horizon Power Bentley Technology Park,horizonpower.com.au,horizonpower.com.au,,,,,,AU,
Charter Hall Ltd,charterhall.com.au,charterhall.com.au,,,,,,AU,
Yarra Valley Water Corporation,yvw.com.au,yvw.com.au,,,,,,AU,
Malabar Coal Ltd,malabarcoal.com.au,malabarcoal.com.au,,,,,,AU,
Public Transport Authority Of Western Australia,pta.wa.gov.au,pta.wa.gov.au,,,,,,AU,
Panaust Ltd,panaust.com.au,panaust.com.au,,,,,,AU,
Bolton Clarke - Fortitude Valley,boltonclarke.com.au,boltonclarke.com.au,,,,,,AU,
First Quantum Minerals (Australia) Pty Ltd,first-quantum.com,first-quantum.com,,,,,,AU,
BGIS Pty Ltd,bgis.com,bgis.com,,,,,,AU,
Queensland Urban Utilities Brisbane Water Head Office,urbanutilities.com,urbanutilities.com,,,,,,AU,
Aldi Stores (A Ltd Partnership) Minchinbury,aldi.com.au,aldi.com.au,,,,,,AU,
South Eastern Sydney Local Health District Sydney,south.com.au,south.com.au,,,,,,AU,
Seqwater HQ,seqwater.com.au,seqwater.com.au,,,,,,AU,
Box Hill Institute,boxhill.edu.au,boxhill.edu.au,,,,,,AU,
Visy Board - Yatala - Stapyleton,visy.com.au,visy.com.au,,,,,,AU,
TLE Electrical Hoxton Park 715,theladiesedge.com,theladiesedge.com,,,,,,AU,
Cockburn Cement Ltd,cockburncement.com.au,cockburncement.com.au,,,,,,AU,
WA Police Service - Ict Asset Management Ground Flr,letsjoinforces.wa.gov.au,letsjoinforces.wa.gov.au,,,,,,AU,
Waitemata District Health Board Auckland,waitematadhb.govt.nz,waitematadhb.govt.nz,,,,,,NZ,
Lactalis Australia Pty Ltd,lactalis.com.au,lactalis.com.au,,,,,,AU,
Powercor Network Services Citipower Burnley Office,powercor.com.au,powercor.com.au,,,,,,AU,
J A Russell Ltd (Mt Eden),jarussell.co.nz,jarussell.co.nz,,,,,,NZ,
APA Group - Sydney HQ,apa.com.au,apa.com.au,,,,,,AU,
Transgrid Hq,transgrid.com.au,transgrid.com.au,,,,,,AU,
Newcastle Coal Infrastructure Group Pty Ltd,newcastle.nsw.gov.au,newcastle.nsw.gov.au,,,,,,AU,
Singtel Optus Pty Ltd Macquarie Park,singtel.com,singtel.com,,,,,,AU,
Independent Broad - Based Anti - Corruption Commission,independent.com.au,independent.com.au,,,,,,AU,
Epworth Healthcare - Richmond Head Office,epworth.org.au,epworth.org.au,,,,,,AU,
Horizon Networks,horizonnetworks.nz,horizonnetworks.nz,,,,,,NZ,
St John of God Healthcare - Swhc - Sjog Bunbury - Sigma,stjohnvic.com.au,stjohnvic.com.au,,,,,,AU,
Spotless Facility Services Pty Ltd,spotless.services,spotless.services,,,,,,AU,
Yarra Trams - Melbourne HQ,yarratrams.com.au,yarratrams.com.au,,,,,,AU,
West Australian Newspapers Ltd,waballet.com.au,waballet.com.au,,,,,,AU,
Health Infrastructure,healthinfrastructure.com.au,healthinfrastructure.com.au,,,,,,AU,
CS Energy Ltd Fortitude Valley,csenergy.com.au,csenergy.com.au,,,,,,AU,
Kenmore State High School,kenmore.com,kenmore.com,,,,,,AU,
Building & Asset Services T/as Qbuild (State of Queensland),building.com.au,building.com.au,,,,,,AU,
Greater Western Water Footscray,westernwater.com.au,westernwater.com.au,,,,,,AU,
Mineral Resources Ltd,mineralresources.com.au,mineralresources.com.au,,,,,,AU,
Brisbane Airport Corporation Pty Ltd,bne.com.au,bne.com.au,,,,,,AU,
Ansto Lucas Heights,ansto.gov.au,ansto.gov.au,,,,,,AU,
Oz Minerals Prominent Hills Op Pty Ltd Adelaide Airport,ozminerals.com,ozminerals.com,,,,,,AU,
Lecky's Electrical Coburg,leckys.com.au,leckys.com.au,,,,,,AU,
Qenos Pty Ltd Matraville,qenos.com,qenos.com,,,,,,AU,
Ericsson Australia Pty Ltd Docklands,ericsson.com,ericsson.com,,,,,,AU,
Alliance Group Ltd Invercargill,alliance.co.nz,alliance.co.nz,,,,,,NZ,
Dominos Pizza Enterprises Ltd Hamilton,dominospizzaenterprises.com,dominospizzaenterprises.com,,,,,,NZ,
New Hope Corporation Ltd Ipswich,newhope.com,newhope.com,,,,,,AU,
Tabcorp Holdings Ltd,tabcorppark.com.au,tabcorppark.com.au,,,,,,AU,
Top Energy Ltd Kerikeri (Head Office),topenergy.co.nz,topenergy.co.nz,,,,,,NZ,
Haymans Ipswich 480,haymansipswich.com.au,haymansipswich.com.au,,,,,,AU,
Harmony Gold (Australia) Pty Ltd,harmonygold.com,harmonygold.com,,,,,,AU,
Brisbane City Council Brisbane City,brisbane.qld.gov.au,brisbane.qld.gov.au,,,,,,AU,
Ricegrowers Co Operative Ltd,ricegrowers.com,ricegrowers.com,,,,,,AU,
Sunshine Coast Hospital & Health Service,sunshinecoastnews.com.au,sunshinecoastnews.com.au,,,,,,AU,
La Trobe University - Bundoora Campus,latrobe.edu.au,latrobe.edu.au,,,,,,AU,
Counties Energy Ltd Pukekohe,countiesenergy.co.nz,countiesenergy.co.nz,,,,,,NZ,
Mars Petcare Australia Raglan,mars.com,mars.com,,,,,,AU,
Peabody Energy - Australia Coal Pty Ltd,peabodyenergy.com,peabodyenergy.com,,,,,,AU,
Open Country Dairy Ltd Head Office - Auckland,opencountry.co.nz,opencountry.co.nz,,,,,,NZ,
EB Games,ebexpo.com.au,ebexpo.com.au,,,,,,AU,
Power & Water Corporation Stuart Park,power.com,power.com,,,,,,AU,
Energy Australia Mount Piper Power Station (Previously Delta Electricity),energyaustralia.com.au,energyaustralia.com.au,,,,,,AU,
Haymans Morayfield 345,haymansmorayfield.com.au,haymansmorayfield.com.au,,,,,,AU,
Parliament of Victoria SAP DATA CENTRE,parliament.vic.gov.au,parliament.vic.gov.au,,,,,,AU,
RMIT University Melbourne,rmit.edu.au,rmit.edu.au,,,,,,AU,
Macquarie Group Ltd Sydney,macquariegroup.com.au,macquariegroup.com.au,,,,,,AU,
Talison Lithium Pty Ltd,talisonlithium.com,talisonlithium.com,,,,,,AU,
Santos WA Energy Ltd,santos.com.au,santos.com.au,,,,,,AU,
Perseus Mining Ltd,perseusmining.com,perseusmining.com,,,,,,AU,
Ppg Industries Australia Pty Ltd,ppg.com,ppg.com,,,,,,AU,
Qut Brisbane Gpo,qut.edu.au,qut.edu.au,,,,,,AU,
Atlas Iron Pty Ltd,atlasiron.com.au,atlasiron.com.au,,,,,,AU,
Unison Networks Ltd Hastings,unison.co.nz,unison.co.nz,,,,,,NZ,
Oil Search (PNG) Ltd (Brisbane),oilsearch.com.au,oilsearch.com.au,,,,,,AU,
University Of Southern Queensland Toowoomba,unisq.edu.au,unisq.edu.au,,,,,,AU,
DHL Express (Australia) Pty Ltd Eagle Farm,express.dhl,express.dhl,,,,,,AU,
James Hardie Australia Pty Ltd Rosehill,jameshardie.com,jameshardie.com,,,,,,AU,
Power & Water Corporation,powerwater.com.au,powerwater.com.au,,,,,,AU,
Contact Energy Ltd - Wellington,contact.co.nz,contact.co.nz,,,,,,NZ,
Watercare Services Ltd,watercare.co.nz,watercare.co.nz,,,,,,NZ,
Veolia Water Operations Pty Ltd Pyrmont,veoliawater.com,veoliawater.com,,,,,,AU,
RYMAN Healthcare Ltd Christchurch,rymanhealthcare.co.nz,rymanhealthcare.co.nz,,,,,,NZ,
Spotless Ppp Health/Education,feelspotless.com,feelspotless.com,,,,,,AU,
Goulburn Valley Water Authority Dookie Rd Shepparton,gvwater.vic.gov.au,gvwater.vic.gov.au,,,,,,AU,
Sunwater Ltd Brisbane City,sunwater.com.au,sunwater.com.au,,,,,,AU,
Genex Power Pty Ltd,genexpower.com.au,genexpower.com.au,,,,,,AU,
Agriculture Victoria Research,agriculture.vic.gov.au,agriculture.vic.gov.au,,,,,,AU,
The Royal Womens Hospital,thewomens.org.au,thewomens.org.au,,,,,,AU,
Sun Metals Corporation Pty Ltd,sunmetals.com.au,sunmetals.com.au,,,,,,AU,
Interactive Pty Ltd,interactive.com.au,interactive.com.au,,,,,,AU,
The Star Entertainment Group Ltd,starentertainmentgroup.com.au,starentertainmentgroup.com.au,,,,,,AU,
Ideal North Lakes,idealnorth.com,idealnorth.com,,,,,,AU,
Greentech Townsville 190,greentech.com.au,greentech.com.au,,,,,,AU,
Burdekin Shire Council,burdekin.qld.gov.au,burdekin.qld.gov.au,,,,,,AU,
Regis Resources Ltd,regisresources.com.au,regisresources.com.au,,,,,,AU,
Goodstart Early Learning,goodstart.org.au,goodstart.org.au,,,,,,AU,
Pfizer T/as Hospira Australia Pty Ltd,pfizer.com,pfizer.com,,,,,,AU,
Suncorp Metway Ltd,suncorpbank.com.au,suncorpbank.com.au,,,,,,AU,
Australian Rail Track Corporation Ltd Mile End,arsc.com.au,arsc.com.au,,,,,,AU,
Sterling & Wilson Australia Pty Ltd,sterlingcheck.com,sterlingcheck.com,,,,,,AU,
Goulburn Murray Water Tatura,g-mwater.com.au,g-mwater.com.au,,,,,,AU,
James Cook University - Bebegu Yumba Campus(Townsville),jcu.edu.au,jcu.edu.au,,,,,,AU,
Toyota Motor Corporation Australia Ltd,global.toyota,global.toyota,,,,,,AU,
Diageo Australia Ltd,diageo.com,diageo.com,,,,,,AU,
Daniels Health Sydney,danielshealth.com,danielshealth.com,,,,,,AU,
370 Docklands Dr,docklands.nu,docklands.nu,,,,,,AU,
Powerlink,100powerlink.com.au,100powerlink.com.au,,,,,,AU,
Griffith University Southport,griffith.edu.au,griffith.edu.au,,,,,,AU,
Marlborough Lines Ltd,marlboroughlines.co.nz,marlboroughlines.co.nz,,,,,,NZ,
Fonterra Co-Operative Group Ltd Hamilton,fonterra.com,fonterra.com,,,,,,NZ,
Rovert Pty Ltd Broadmeadow,rovert.com.au,rovert.com.au,,,,,,AU,
University of Tasmania Sandy Bay,utas.edu.au,utas.edu.au,,,,,,AU,
Sherriff Infrastructure Garbutt,sherriffconstructions.com.au,sherriffconstructions.com.au,,,,,,AU,
Inghams Enterprises Pty Ltd North Ryde,mbinghamsears.co.nz,mbinghamsears.co.nz,,,,,,NZ,
Veolia Australia,veolia.com,veolia.com,,,,,,AU,
Stanwell Corporation Ltd Brisbane City,stanwellinc.com,stanwellinc.com,,,,,,AU,
Karara Mining Ltd Perth,kararamining.com.au,kararamining.com.au,,,,,,AU,
Haymans Capalaba 440,haymanscapalaba.com.au,haymanscapalaba.com.au,,,,,,AU,
Cromwell Property Group Sydney,cromwellfoundation.org.au,cromwellfoundation.org.au,,,,,,AU,
Medtronic Australasia Pty Ltd,medtronic.com,medtronic.com,,,,,,AU,
QCoal Group,qcoal.com.au,qcoal.com.au,,,,,,AU,
Viva Energy Refining Pty Ltd,vivaenergy.com.au,vivaenergy.com.au,,,,,,AU,
Cobar Management Pty Ltd,cobar.com.au,cobar.com.au,,,,,,AU,
Tomago Aluminium Company Pty Ltd Tomago,tomago.com.au,tomago.com.au,,,,,,AU,
St Vincents Private Hospital Ltd,svph.org.au,svph.org.au,,,,,,AU,
Peak ARE Pty Ltd,peakare.com.au,peakare.com.au,,,,,,AU,
HITACHI ENERGY AUSTRALIA PTY LTD Fortitude Valley,hitachienergy.com,hitachienergy.com,,,,,,AU,
United Energy Distribution Pty Ltd,unitedenergy.com.au,unitedenergy.com.au,,,,,,AU,
ENERGY BAY LIMITED,energybay.com,energybay.com,,,,,,AU,
The Lines Company Ltd,thelinescompany.co.nz,thelinescompany.co.nz,,,,,,NZ,
Water NSW Paramatta,waternsw.com.au,waternsw.com.au,,,,,,AU,
Gordon Macdonald Pty Ltd Wollongong,gordonmacs.com.au,gordonmacs.com.au,,,,,,AU,
Transalta Energy (Australia) Pty Ltd,transalta.com,transalta.com,,,,,,AU,
Bulga Coal Management Pty Ltd,bulgacoal.com.au,bulgacoal.com.au,,,,,,AU,
John R Turk Brookvale,jrt.com.au,jrt.com.au,,,,,,AU,
Aew Electrical Wholesalers Pty Ltd,aew.com,aew.com,,,,,,AU,
Trility Pty Ltd - Townsville,trility.com.au,trility.com.au,,,,,,AU,
Dalrymple Bay Coal Terminal Pty Ltd,dbct.com.au,dbct.com.au,,,,,,AU,
Trade Electrical Data Supplies Pty Ltd,teds.net.au,teds.net.au,,,,,,AU,
Victoria University - Footscray,vu.edu.au,vu.edu.au,,,,,,AU,
P & R Electrical Underdale,prmechanicalservices.com,prmechanicalservices.com,,,,,,AU,
Gruyere Management Pty Ltd Laverton,gruyere.com.au,gruyere.com.au,,,,,,AU,
Townsville City Council Garbutt,townsville.qld.gov.au,townsville.qld.gov.au,,,,,,AU,
Illawarra Coal Holdings Pty Ltd North Wollongong,illawarramercury.com.au,illawarramercury.com.au,,,,,,AU,
Northern Hospital Epping Northern Health T/As Engineering Deptment,northernhospitality.com,northernhospitality.com,,,,,,AU,
Icon Water Ltd,iconwater.com.au,iconwater.com.au,,,,,,AU,
Genesis Minerals (Leonora) Pty Ltd,genesisminerals.com.au,genesisminerals.com.au,,,,,,AU,
Knight Frank (NSW) Pty Ltd,knightfrank.com.au,knightfrank.com.au,,,,,,AU,
Infrabuild Sydney Steel Mill,infrabuildholdings.com.au,infrabuildholdings.com.au,,,,,,AU,
P.M. Electric Pty Ltd,pmelectric.com.au,pmelectric.com.au,,,,,,AU,
Brookfield Commercial Operations Pty Ltd Sydney,brookfieldcommercial.com.au,brookfieldcommercial.com.au,,,,,,AU,
SE Distribution T/as Solar Electrical & Engineering Supplies Pty Ltd,sedistribution.com.au,sedistribution.com.au,,,,,,AU,
Kestrel Coal Pty Ltd,kestrelcoal.com,kestrelcoal.com,,,,,,AU,
Wellington Electricity Lines Ltd - Head Office,welectricity.co.nz,welectricity.co.nz,,,,,,NZ,
Wollongong City Council,wollongongmemorialgardens.com.au,wollongongmemorialgardens.com.au,,,,,,AU,
Wellington City Council Ltd,wellington.govt.nz,wellington.govt.nz,,,,,,NZ,
Popes Electrical,popeselectrical.com.au,popeselectrical.com.au,,,,,,AU,
Delta Electricity Sydney,de.com.au,de.com.au,,,,,,AU,
Hunter Water Corporation Ltd North Lambton,hunterwater.com.au,hunterwater.com.au,,,,,,AU,
Go Electrical Alexandria 818,goelectrical.com.au,goelectrical.com.au,,,,,,AU,
Department Of Justice Perth,justice.wa.gov.au,justice.wa.gov.au,,,,,,AU,
Bridgestone EarthMover Tyres Yagoona,bridgestone-earthmover.com.au,bridgestone-earthmover.com.au,,,,,,AU,
ACT Health,health.act.gov.au,health.act.gov.au,,,,,,AU,
Anglo American Steelmaking Coal Pty Ltd,angloamerican.com,angloamerican.com,,,,,,AU,
City Of Greater Geelong,geelongaustralia.com.au,geelongaustralia.com.au,,,,,,AU,
Queensland Airports Ltd,qldairports.com.au,qldairports.com.au,,,,,,AU,
Cenitex - Melbourne,cenitex.vic.gov.au,cenitex.vic.gov.au,,,,,,AU,
Haymans Hendon 517,haymanshendon.com.au,haymanshendon.com.au,,,,,,AU,
Haymans Milton 390,haymansmilton.com.au,haymansmilton.com.au,,,,,,AU,
Haymans Garbutt 240,haymans.com,haymans.com,,,,,,AU,
Haymans Warana 400,haymanswarana.com.au,haymanswarana.com.au,,,,,,AU,
Bunnings Store Head Office,colonnades.com.au,colonnades.com.au,,,,,,AU,
Johnson & Johnson Medical Pty Ltd,jnj.com,jnj.com,,,,,,AU,
Gladstone Ports Corporation Ltd,gpcl.com.au,gpcl.com.au,,,,,,AU,
Goldenfields Water County Council,gwcc.nsw.gov.au,gwcc.nsw.gov.au,,,,,,AU,
Solomon Island Electricity Authority,solomon.com.au,solomon.com.au,,,,,,AU,
Hutt Valley District Health Board C/ Supply Department,huttvalleydhb.org.nz,huttvalleydhb.org.nz,,,,,,NZ,
Hastings Electrical Pty Ltd,hastingselectrical.com.au,hastingselectrical.com.au,,,,,,AU,
Retpro Group - Craigieburn Town Centre (Acs),retprogroup.com.au,retprogroup.com.au,,,,,,AU,
Advance Electrical Lower Hutt,advanceelectricalhb.co.nz,advanceelectricalhb.co.nz,,,,,,NZ,
WEL Networks Ltd Te Rapa,wel.co.nz,wel.co.nz,,,,,,NZ,
Precinct Properties New Zealand Ltd,precinctcity.com,precinctcity.com,,,,,,NZ,
Department of Industry Science & Resources,industry.gov.au,industry.gov.au,,,,,,AU,
Unity Water - Head Office,unitywater.com,unitywater.com,,,,,,AU,
Midfield Meat International Pty Ltd,wearemidfield.com,wearemidfield.com,,,,,,AU,
Cairns Regional Council Cairns Water Depot,cairns.qld.gov.au,cairns.qld.gov.au,,,,,,AU,
Western Sydney Local Health District,wsc.nsw.edu.au,wsc.nsw.edu.au,,,,,,AU,
TPG Telecom Pty Ltd,tpgtelecom.com.au,tpgtelecom.com.au,,,,,,AU,
Canberra Institute Of Technology,cit.edu.au,cit.edu.au,,,,,,AU,
Port Macquarie - Hastings Council,portmacquarieinfo.com.au,portmacquarieinfo.com.au,,,,,,AU,
Wachs Midwest Gascoyne C/- Carnavon Hospital,wachs-wear.com,wachs-wear.com,,,,,,AU,
Tarrawarra Museum Of Art Ltd,twma.com.au,twma.com.au,,,,,,AU,
Moama Bowling Club Ltd,moamabowlingclub.com.au,moamabowlingclub.com.au,,,,,,AU,
Haymans Burleigh 455,haymansburleigh.com.au,haymansburleigh.com.au,,,,,,AU,
Department Of Health Of Wa Perth,health.vic.gov.au,health.vic.gov.au,,,,,,AU,
Qic Ltd Brisbane City,qicre.com,qicre.com,,,,,,AU,
YourDC,yourdc.com.au,yourdc.com.au,,,,,,AU,
Dyno Nobel Moranbah Pty Ltd,dynonobel.com,dynonobel.com,,,,,,AU,
BGW Group Head Office,bgwgroup.com.au,bgwgroup.com.au,,,,,,AU,
Blackmores Ltd Warriewood,blackmores.com.au,blackmores.com.au,,,,,,AU,
Australian Synchrotron (ANSTO) Clayton,australian.com.au,australian.com.au,,,,,,AU,
Christchurch City Council Christchurch,ccc.govt.nz,ccc.govt.nz,,,,,,NZ,
Mackay Sugar Ltd Mackay,mackaysugar.com.au,mackaysugar.com.au,,,,,,AU,
Queensland Gas Corporation - Curtis LNG Project,queenslandgaskets.com.au,queenslandgaskets.com.au,,,,,,AU,
Shell Australia Pty Ltd,shell.com.au,shell.com.au,,,,,,AU,
Mount Isa Mines Ltd,mountisawater.qld.gov.au,mountisawater.qld.gov.au,,,,,,AU,
Haymans Smithfield 211,haymanssmithfield.com.au,haymanssmithfield.com.au,,,,,,AU,
Myelec Joondalup,myelec.com,myelec.com,,,,,,AU,
Sparky Direct PTY LTD,sparkydirect.com.au,sparkydirect.com.au,,,,,,AU,
Gladstone Regional Council,gladstone.qld.gov.au,gladstone.qld.gov.au,,,,,,AU,
Netelec Pty Ltd,netelec.ma,netelec.ma,,,,,,AU,
Contact Electrical Pty Ltd Launceston,contactelectrical.com,contactelectrical.com,,,,,,AU,
Newcastle Airport,newcastleairport.com.au,newcastleairport.com.au,,,,,,AU,
Logan City Council,logan.qld.gov.au,logan.qld.gov.au,,,,,,AU,
Liberty Onesteel - Whyalla,liberty.com.au,liberty.com.au,,,,,,AU,
Omya Australia Pty Ltd Bathurst,omya.com,omya.com,,,,,,AU,
Air Liquide Australia Ltd Elizabeth,airliquide.com,airliquide.com,,,,,,AU,
Haymans Toowoomba 490,haymanstoowoomba.com.au,haymanstoowoomba.com.au,,,,,,AU,
Boral Shared Services Pty Ltd,boral.com.au,boral.com.au,,,,,,AU,
Haymans Noosa 382,haymansnoosa.com.au,haymansnoosa.com.au,,,,,,AU,
Dendrobium Coal Pty Ltd,dendrobium.com.au,dendrobium.com.au,,,,,,AU,
Tamar Valley Power Station Bell Bay,tamarvalleydairy.com.au,tamarvalleydairy.com.au,,,,,,AU,
Adelaideaqua Pty Ltd,adelaideaquaticcentre.com.au,adelaideaquaticcentre.com.au,,,,,,AU,
Brisbane Markets Ltd,brisbanemarkets.com.au,brisbanemarkets.com.au,,,,,,AU,
Billbergia Pty Ltd,billbergia.com.au,billbergia.com.au,,,,,,AU,
The University Of Newcastle (Callaghan),newcastle.edu.au,newcastle.edu.au,,,,,,AU,
Ipswich City Council,ipswich.qld.gov.au,ipswich.qld.gov.au,,,,,,AU,
Toowoomba Hospital ( Queensland Health ),toowoombahospitalfoundation.org.au,toowoombahospitalfoundation.org.au,,,,,,AU,
Queensland Health Redcliffe Hospital,health.qld.gov.au,health.qld.gov.au,,,,,,AU,
Monash University,monash.edu,monash.edu,,,,,,AU,
AMS Technology Group Pty Ltd,amstechnology.net,amstechnology.net,,,,,,AU,
Australia Post Corporate Real Estate,auspost.com.au,auspost.com.au,,,,,,AU,
Queensland Police Service Brisbane City,police.qld.gov.au,police.qld.gov.au,,,,,,AU,
AGL Hydro Head Office,agl.com.au,agl.com.au,,,,,,AU,
Westside Services SA,westside.com,westside.com,,,,,,AU,
Auckland International Airport Ltd,aic.ac.nz,aic.ac.nz,,,,,,NZ,
Firstlight Network Ltd,firstlightnetworking.com,firstlightnetworking.com,,,,,,AU,
NME GROUP LTD,nme.com,nme.com,,,,,,AU,
Canterbury Bankstown City Council,bulldogs.com.au,bulldogs.com.au,,,,,,AU,
Intercontinental Hotels Group (Australia) Pty Ltd Sydney,ihgplc.com,ihgplc.com,,,,,,AU,
Asahi Beverages Pty Ltd,asahibeverages.com.au,asahibeverages.com.au,,,,,,AU,
San Remo Macaroni Company Pty Ltd,sanremocycling.com,sanremocycling.com,,,,,,AU,
Aurora Energy Ltd,auroraenergy.com.au,auroraenergy.com.au,,,,,,AU,
Southern District Health Board,southernhealth.nz,southernhealth.nz,,,,,,NZ,
Project Lighting Orange,projectlighting.com.au,projectlighting.com.au,,,,,,AU,
Southern Electrical Kingsford,southernelectrical.co.nz,southernelectrical.co.nz,,,,,,NZ,
CBH Group,cbh.com.au,cbh.com.au,,,,,,AU,
LINE HYDROGEN (INTERNATIONAL) PTY LTD,linehydrogen.com.au,linehydrogen.com.au,,,,,,AU,
Haymans Taree 202,haymanstaree.com.au,haymanstaree.com.au,,,,,,AU,
Delta Electrical Distributors Pty Ltd Bendigo,deltalec.com.au,deltalec.com.au,,,,,,AU,
Perpetual Trustees Co Ltd ATF The Esplanade Property Trust,perpetualny.com,perpetualny.com,,,,,,AU,
Centennial Coal Company Ltd Toronto,centennialcoal.com.au,centennialcoal.com.au,,,,,,AU,
Royal Automobile Club Of Victoria (Racv) Ltd,raca.com.au,raca.com.au,,,,,,AU,
Lower Murray Water Mildura,lmw.vic.gov.au,lmw.vic.gov.au,,,,,,AU,
FMG Procurement Services Pty Ltd Fortescue Metals Group,fmgsuite.com,fmgsuite.com,,,,,,AU,
Curtin University Bentley,curtin.edu.au,curtin.edu.au,,,,,,AU,
Qube Property Management Services Pty Ltd,qubeproperty.com.au,qubeproperty.com.au,,,,,,AU,
Citec Brisbane City,citec.com.au,citec.com.au,,,,,,AU,
South Western Sydney Institute of Tafe,swbts.edu,swbts.edu,,,,,,AU,
Cadia Holdings Pty Ltd T/as Cadia Valley Operations,cadia.shop,cadia.shop,,,,,,AU,
Evri Group Pty Ltd,evri.com.au,evri.com.au,,,,,,AU,
China Telecom (Australia) Pty Ltd,chinatelecom-h.com,chinatelecom-h.com,,,,,,AU,
Dubbo Regional Council,dubbo.org,dubbo.org,,,,,,AU,
Fremantle Port Authority Fremantle,fremantleports.com.au,fremantleports.com.au,,,,,,AU,
Colgate Palmolive Pty Ltd,colgatepalmolive.com,colgatepalmolive.com,,,,,,AU,
Meridian Energy Ltd - Wellington Head Office,meridianenergy.co.nz,meridianenergy.co.nz,,,,,,NZ,
Inpex Australia Pty Ltd,inpex.com.au,inpex.com.au,,,,,,AU,
Tech Mahindra Ltd North Sydney,techmahindra.com,techmahindra.com,,,,,,AU,
Sydney Airport Ltd,sydneyairport.com.au,sydneyairport.com.au,,,,,,AU,
Cetnaj Coffs Harbour 610,cetnaj.com.au,cetnaj.com.au,,,,,,AU,
Westpac Banking Corporation Head Office,westpac.co.nz,westpac.co.nz,,,,,,NZ,
Scott Electrical Ltd Penrose,scottelectrical.co.nz,scottelectrical.co.nz,,,,,,NZ,
Goulburn Ovens Institute Of Tafe Shepparton,goulburnpost.com.au,goulburnpost.com.au,,,,,,AU,
Pilbara Port Authority,pilbaraports.com.au,pilbaraports.com.au,,,,,,AU,
City of Stonnington Malvern,stonnington.vic.gov.au,stonnington.vic.gov.au,,,,,,AU,
AKD Softwoods,akdsoftwoods.com,akdsoftwoods.com,,,,,,AU,
Orica Australia Pty Ltd East Melbourne,orica.com,orica.com,,,,,,AU,
Boeing Defence Australia Ltd Kojarena,boeingsuppliers.com,boeingsuppliers.com,,,,,,AU,
Myelec Electrical Wholesalers Midvale,myelecgroup.com.au,myelecgroup.com.au,,,,,,AU,
Sibanye Stillwater Australia Operations Pty Ltd,sibanyestillwater.com,sibanyestillwater.com,,,,,,AU,
Suez Water Pty Ltd,suez.com,suez.com,,,,,,AU,
Haymans Kirwan 241,haymanskirwan.com.au,haymanskirwan.com.au,,,,,,AU,
Covalent Lithium Pty Ltd,covalentlithium.com,covalentlithium.com,,,,,,AU,
Simcoa Operations Pty Ltd,simcoaustralia.com.au,simcoaustralia.com.au,,,,,,AU,
Powerplus Lighting & Electrical Suppliers,powerplus.com,powerplus.com,,,,,,AU,
Ideal Ipswich,ideal.com.au,ideal.com.au,,,,,,AU,
Snowy Hydro Ltd - Valley Power Gas Station,snowyhydro.com.au,snowyhydro.com.au,,,,,,AU,
Australian Taxation Office Canberra,ato.gov.au,ato.gov.au,,,,,,AU,
Lake Macquarie City Council,visitlakemac.com.au,visitlakemac.com.au,,,,,,AU,
Ideal Oxenford,ideal.com,ideal.com,,,,,,AU,
Mackay Regional Council Mackay,mackay.qld.gov.au,mackay.qld.gov.au,,,,,,AU,
Nab - Knox Data Centre,nab.com.au,nab.com.au,,,,,,AU,
Murdoch University,murdoch.edu.au,murdoch.edu.au,,,,,,AU,
Haymans Tingalpa 430,haymanstingalpa.com.au,haymanstingalpa.com.au,,,,,,AU,
Haymans Tweed Heads 460,haymanstweed.com.au,haymanstweed.com.au,,,,,,AU,
Haymans Stafford 385,haymansstafford.com.au,haymansstafford.com.au,,,,,,AU,
Senex Energy Pty Ltd,senexenergy.com.au,senexenergy.com.au,,,,,,AU,
Golden Cockerel Pty Ltd,goldencockerel.com.au,goldencockerel.com.au,,,,,,AU,
Charles Darwin University Darwin,cdu.edu.au,cdu.edu.au,,,,,,AU,
Northparkes Mining Services Pty Ltd,northparkes.com,northparkes.com,,,,,,AU,
Toyota Tsusho South Pacific Holdings Pty Ltd,toyotatsusho.com.au,toyotatsusho.com.au,,,,,,AU,
Lismore City Council,lismore.nsw.gov.au,lismore.nsw.gov.au,,,,,,AU,
Mobil Refining Australia Pty Ltd Altona,mobil.com.au,mobil.com.au,,,,,,AU,
Independent Liquor (NZ) Ltd,independentliquor.co.nz,independentliquor.co.nz,,,,,,NZ,
Wingecarribee Shire Council Moss Vale Site: 38126,wsc.nsw.gov.au,wsc.nsw.gov.au,,,,,,AU,
Brightwater Care Group Ltd Osborne Park,brightwatergroup.com,brightwatergroup.com,,,,,,AU,
Minjar Gold Pty Ltd,minjargold.com.au,minjargold.com.au,,,,,,AU,
Railways Credit Union Ltd,railway-france.com,railway-france.com,,,,,,AU,
Shoalhaven City Council Culburra Stp,shoalhaven.nsw.gov.au,shoalhaven.nsw.gov.au,,,,,,AU,
All Round Supplies Pty Ltd,ars.com.au,ars.com.au,,,,,,AU,
Nt Health - Alice Springs Hospital,health.nt.gov.au,health.nt.gov.au,,,,,,AU,
Haymans Bowen 247,haymansbowen.com.au,haymansbowen.com.au,,,,,,AU,
Onesteel Manufacturing Pty Ltd Mayfield,onesteelmanufacturing.com.au,onesteelmanufacturing.com.au,,,,,,AU,
Wagga Wagga City Council,wagga.nsw.gov.au,wagga.nsw.gov.au,,,,,,AU,
St Barbara Ltd West Perth,stbarbara.com,stbarbara.com,,,,,,AU,
Port Waratah Coal Services Ltd Kooragang Island,pwcs.com.au,pwcs.com.au,,,,,,AU,
Oji Fibre Solution (NZ) Tasman,ojiitalia.com,ojiitalia.com,,,,,,NZ,
Haymans Beerwah 451,haymansbeerwah.com.au,haymansbeerwah.com.au,,,,,,AU,
Haymans Edmonton 224,haymansedmonton.com.au,haymansedmonton.com.au,,,,,,AU,
Coleman Rail Burswood,coleman.com,coleman.com,,,,,,AU,
Polaris Data Centre - Master,polarisdatacentre.com.au,polarisdatacentre.com.au,,,,,,AU,
IXOM Matraville,ixom.com,ixom.com,,,,,,AU,
Sibelco Australia / Queensland Magnesia Parkhurst,sibeletco.com,sibeletco.com,,,,,,AU,
Shape Energy Ltd,shapeenergy.eu,shapeenergy.eu,,,,,,AU,
Citylink Melbourne Ltd Southbank,citylink.com.au,citylink.com.au,,,,,,AU,
City Electric Supply Tuggerah,cityelectricsupply.com.au,cityelectricsupply.com.au,,,,,,AU,
Department for Education Adelaide,education.sa.gov.au,education.sa.gov.au,,,,,,AU,
R Redpath Redwood Bulk Christchurch,rredpath.co.nz,rredpath.co.nz,,,,,,NZ,
Haymans Moree 209,haymansmoree.com.au,haymansmoree.com.au,,,,,,AU,
Boehringer Ingelheim Pty Ltd,boehringer-ingelheim.com,boehringer-ingelheim.com,,,,,,AU,
Stadiums Queensland Nathan,stadiums.qld.gov.au,stadiums.qld.gov.au,,,,,,AU,
Barwon Region Water Corporation Geelong,barwoncoast.com.au,barwoncoast.com.au,,,,,,AU,
Built QLD Pty Ltd Brisbane,built.com.au,built.com.au,,,,,,AU,
Ramsay Health - Joondalup Health campus,ramsayhealth.com.au,ramsayhealth.com.au,,,,,,AU,
Visionstream Pty Ltd Melbourne,visionstream.com,visionstream.com,,,,,,AU,
Central Equity Ltd,centralequity.com.au,centralequity.com.au,,,,,,AU,
Calder Stewart Construction Ltd,calderstewart.co.nz,calderstewart.co.nz,,,,,,NZ,
Pan Pac Forest Products Ltd Napier,panpacjobs.co.nz,panpacjobs.co.nz,,,,,,NZ,
Wiggins Island Coal Export Terminal Pty Ltd Brisbane City,cpa-winterhaven.com,cpa-winterhaven.com,,,,,,AU,
Verizon Australia Pty Ltd,verizon.com,verizon.com,,,,,,AU,
Queensland Fire Department,firebirds.net.au,firebirds.net.au,,,,,,AU,
Macquarie Cloud Services Pty Ltd,macquariecloudservices.com,macquariecloudservices.com,,,,,,AU,
Oakey Beef Exports Pty Ltd,oakeyagency.com,oakeyagency.com,,,,,,AU,
Vealls Electrical W/Sale Supplies Delta Electrical Dist. Richmond T/a,vealls.com.au,vealls.com.au,,,,,,AU,
Ballarat Health Services,bhs.org.au,bhs.org.au,,,,,,AU,
Coogee Chemicals Pty Ltd Kwinana Beach,coogee.com.au,coogee.com.au,,,,,,AU,
Bundaberg Regional Council Bundaberg,bundaberg.qld.gov.au,bundaberg.qld.gov.au,,,,,,AU,
Engineering Department Western Health - C/- Sunshine Hospital,engineeringdepartment.com,engineeringdepartment.com,,,,,,AU,
St. Augustine's College,sac.qld.edu.au,sac.qld.edu.au,,,,,,AU,
Bank of Papua New Guinea,bankofpapuanewguinea.com,bankofpapuanewguinea.com,,,,,,AU,
City of Melville,melvillecity.com.au,melvillecity.com.au,,,,,,AU,
Granny Smith Mine,grannyandsmith.com,grannyandsmith.com,,,,,,AU,
Ashton Coal Operations Pty Ltd,ashtoncoal.com.au,ashtoncoal.com.au,,,,,,AU,
Nova Energy Ltd - Electricity Generation Head Office,novaenergy.ltd,novaenergy.ltd,,,,,,AU,
Renewal SA,renewalsa.sa.gov.au,renewalsa.sa.gov.au,,,,,,AU,
Cootamundra - Gundagai Regional Council,cootamundraherald.com.au,cootamundraherald.com.au,,,,,,AU,
Jemalong Irrigation Ltd,jemalongirrigation.com.au,jemalongirrigation.com.au,,,,,,AU,
Controls Traders Pty Ltd,controlstraders.com,controlstraders.com,,,,,,AU,
Austube Mills Pty Ltd,austubemills.com.au,austubemills.com.au,,,,,,AU,
Queensland Ambulance Service,ambulance.qld.gov.au,ambulance.qld.gov.au,,,,,,AU,
Haymans Byron Bay 410,haymansbyronbay.com.au,haymansbyronbay.com.au,,,,,,AU,
Yancoal Australia Ltd,yancoal.com.au,yancoal.com.au,,,,,,AU,
Children's Health Queensland Hospital & Health Service,childrens.com,childrens.com,,,,,,AU,
GCM Lighting & Electrical - Fradie Pty Ltd T/as,gcmlighting.com.au,gcmlighting.com.au,,,,,,AU,
National Australia Bank Ltd (Nab),nataustpipe.com.au,nataustpipe.com.au,,,,,,AU,
Morgan Cement International Pty Ltd,morgan.com.au,morgan.com.au,,,,,,AU,
EWM Electrical - North Hobart 712,ewm-sales.com,ewm-sales.com,,,,,,AU,
Allpower Electrical Wholesalers Pty Ltd,allbusinc.com,allbusinc.com,,,,,,AU,
Primo Foods Pty Ltd,primo.com.au,primo.com.au,,,,,,AU,
Capral Aluminium Ltd Penrith,capral.com.au,capral.com.au,,,,,,AU,
Haymans Innisfail 230,haymansinnisfail.com.au,haymansinnisfail.com.au,,,,,,AU,
Switched On Electrical Supplies (Tumut),switchedonelec.net.au,switchedonelec.net.au,,,,,,AU,
Coonamble Shire Council,coonamblemotel.com.au,coonamblemotel.com.au,,,,,,AU,
Titan Trading Mulgrave,titantrading.com.au,titantrading.com.au,,,,,,AU,
Ravenswood Gold Pty Ltd,ravenswoodgold.com,ravenswoodgold.com,,,,,,AU,
Haymans Browns Plains 485,haymansbrownsplains.com.au,haymansbrownsplains.com.au,,,,,,AU,
Hunter Wine Country Private Irrigation District,hunter.io,hunter.io,,,,,,AU,
Watpac Construction Pty Ltd,watpac.com.au,watpac.com.au,,,,,,AU,
Department of Housing & Works,hpw.qld.gov.au,hpw.qld.gov.au,,,,,,AU,
Telstra - Wellington Exchange,telstrafoundation.com,telstrafoundation.com,,,,,,NZ,
West Cliff Coal Preparation Plant - Illawarra Coal,westcliff.com,westcliff.com,,,,,,AU,
Interlink Electrical & Communication Services Pty Ltd,eslus.com,eslus.com,,,,,,AU,
Green Industries SA,greenindustries.sa.gov.au,greenindustries.sa.gov.au,,,,,,AU,
LINCOLN ENGINEERS PTY. LTD.,lincolnengineers.com.au,lincolnengineers.com.au,,,,,,AU,
Northern Territory Government Darwin,nt.gov.au,nt.gov.au,,,,,,AU,
Territory Generation,territorygeneration.com.au,territorygeneration.com.au,,,,,,AU,
National Archives Of Australia Parkes,naa.gov.au,naa.gov.au,,,,,,AU,
Bellevue Gold,bellevuegold.com.au,bellevuegold.com.au,,,,,,AU,
MidCoast Council,midcoast.nsw.gov.au,midcoast.nsw.gov.au,,,,,,AU,
Healthscope Ltd Melbourne,healthscope.com.au,healthscope.com.au,,,,,,AU,
Department of Agriculture Water & The Environment - Australian Antarctic Division,agriculture.gov.au,agriculture.gov.au,,,,,,AU,
Heart of Australia,heartofaustralia.com.au,heartofaustralia.com.au,,,,,,AU,
Electrical Importing Company Ltd Auckland,eicnz.com,eicnz.com,,,,,,NZ,
Westland Dairy Company Ltd,westlanddairy.com,westlanddairy.com,,,,,,AU,
Alpine Energy Ltd Washdyke,alpineenergy.co.nz,alpineenergy.co.nz,,,,,,NZ,
Mercury NZ Ltd,mercury.com,mercury.com,,,,,,NZ,
CCL Data Centre Revera Auckland,ccl.org,ccl.org,,,,,,NZ,
Massey University (Riddet Road),massey.ac.nz,massey.ac.nz,,,,,,NZ,
Racing & Wagering Western Australia,racing.com,racing.com,,,,,,AU,
Cement Australia Holdings Pty Ltd,cementaustralia.com.au,cementaustralia.com.au,,,,,,AU,
Melbourne Polytechnics Preston,melbourne.vic.gov.au,melbourne.vic.gov.au,,,,,,AU,
Arrow Energy Pty Ltd,arrowenergy.com.au,arrowenergy.com.au,,,,,,AU,
Department of Education & Training,education.vic.gov.au,education.vic.gov.au,,,,,,AU,
Lochard Energy (Iona Operations) Trust,lochardenergy.com.au,lochardenergy.com.au,,,,,,AU,
Australian Health Practitioner Regulation Agency Melbourne,ahpra.gov.au,ahpra.gov.au,,,,,,AU,
Sugar Australia Pty Ltd Mackay,sugaraustralia.com.au,sugaraustralia.com.au,,,,,,AU,
Coliban Region Water Corporation Bendigo,coliban.com.au,coliban.com.au,,,,,,AU,
NSW Police SPC,police.nsw.gov.au,police.nsw.gov.au,,,,,,AU,
Darwin City Council,darwincitycleaners.com.au,darwincitycleaners.com.au,,,,,,AU,
Hyatt Hotel,hyatt.com,hyatt.com,,,,,,AU,
Delta Utility Services Ltd Dunedin,delta-utility.net,delta-utility.net,,,,,,NZ,
Accor Australia & New Zealand Hospitality Pty Ltd,accor.com,accor.com,,,,,,NZ,
MM Wetherill Park 556,mmwetherillpark.com.au,mmwetherillpark.com.au,,,,,,AU,
Corys Electrical Ltd Hastings 225,corys.co.nz,corys.co.nz,,,,,,NZ,
SITA Aero (Australia),sita.aero,sita.aero,,,,,,AU,
Alpine MDF Industries Pty Ltd,alpinemdf.com.au,alpinemdf.com.au,,,,,,AU,
ABB Australia Pty Ltd Moorebank,abb-bank.az,abb-bank.az,,,,,,AU,
Pilbara Minerals Ltd,pilbaraminerals.com.au,pilbaraminerals.com.au,,,,,,AU,
Wannon Region Water Corporation Warrnambool,wannonwater.com.au,wannonwater.com.au,,,,,,AU,
Queensland Police HQ - Main Account,qpu.asn.au,qpu.asn.au,,,,,,AU,
Service NSW Rydalmere,service.nsw.gov.au,service.nsw.gov.au,,,,,,AU,
Auscott Ltd Narrabri,auscott.com.au,auscott.com.au,,,,,,AU,
Albury City Council,alburycity.nsw.gov.au,alburycity.nsw.gov.au,,,,,,AU,
Haymans Mt Isa 530,haymansmtisa.com.au,haymansmtisa.com.au,,,,,,AU,
Diamantina Power Station Pty Ltd,diamantina-tour.com.au,diamantina-tour.com.au,,,,,,AU,
Central Petroleum Ltd Brisbane City,centralpetroleum.com.au,centralpetroleum.com.au,,,,,,AU,
Inland Revenue Department - Wellington,ird.govt.nz,ird.govt.nz,,,,,,NZ,
Scotch College Swanbourne,scotch.wa.edu.au,scotch.wa.edu.au,,,,,,AU,
Compass Electrical & Data Supplies Pty Ltd (Seven Hills),compasselectrical.net.au,compasselectrical.net.au,,,,,,AU,
Haymans Rockhampton 260,haymansrockhampton.com.au,haymansrockhampton.com.au,,,,,,AU,
First Gas Ltd,firstgas.co.nz,firstgas.co.nz,,,,,,NZ,
Vermilion Investments Pty Ltd,vermilionllc.com,vermilionllc.com,,,,,,AU,
Canberra Private Hospital Pty Ltd - Nexus Hospitals,canberraprivate.com.au,canberraprivate.com.au,,,,,,AU,
Woodward Foods Australia Pty Ltd,woodwardfoods.com.au,woodwardfoods.com.au,,,,,,AU,
Treasury Casino & Hotel Queen Victoria Building,treasurybrisbane.com.au,treasurybrisbane.com.au,,,,,,AU,
Angliss Hospital,anglissmeats.com.au,anglissmeats.com.au,,,,,,AU,
Australian National Maritime Museum,sea.museum,sea.museum,,,,,,AU,
Central Highlands Regional Council,chrc.qld.gov.au,chrc.qld.gov.au,,,,,,AU,
Energy Fiji Ltd,efl.com.fj,efl.com.fj,,,,,,AU,
Murrumbidgee Irrigation Ltd,mirrigation.com.au,mirrigation.com.au,,,,,,AU,
Bundaberg Brewed Drinks Pty Ltd Bundaberg East,bundaberg.com,bundaberg.com,,,,,,AU,
Hobart International Airport Pty Ltd,hobartinternational.com.au,hobartinternational.com.au,,,,,,AU,
Canon Medical Systems ANZ Pty Ltd Vic,medical.canon,medical.canon,,,,,,AU,
G James Glass & Aluminium (QLD) Pty Ltd,gjames.com,gjames.com,,,,,,AU,
Maribyrnong City Council Footscray,maribyrnong.vic.gov.au,maribyrnong.vic.gov.au,,,,,,AU,
FEDERATION UNIVERSITY AUSTRALIA Mt Helen,federation.edu.au,federation.edu.au,,,,,,AU,
Goulburn Valley Region Water Corporation Shepparton,goulburnvalleyag.com.au,goulburnvalleyag.com.au,,,,,,AU,
Sunstate Cement Ltd Fisherman Island,sunstatecement.com.au,sunstatecement.com.au,,,,,,AU,
80 Collins St Trust - Dexus,101collins.com.au,101collins.com.au,,,,,,AU,
Zoltan Electrical & Plumbing Supplies Pty Ltd,zoltandavid.com,zoltandavid.com,,,,,,AU,
Shamrock Electrical Unit Trust,shamrockelectrical.com.au,shamrockelectrical.com.au,,,,,,AU,
Allnex Resins Australia Pty Ltd,allnex.com,allnex.com,,,,,,AU,
Haymans Mackay 250,haymansmackay.com.au,haymansmackay.com.au,,,,,,AU,
Carlton & United Breweries Abbotsford,carltontravelbags.com,carltontravelbags.com,,,,,,AU,
New Zealand Sugar Company Ltd,newzealand.com,newzealand.com,,,,,,NZ,
Msm Milling Pty Ltd,msmmilling.com.au,msmmilling.com.au,,,,,,AU,
Network Tasman Ltd,networktasman.co.nz,networktasman.co.nz,,,,,,NZ,
Ainsworth Game Technology Ltd - Global Headquarters,ainsworth.com,ainsworth.com,,,,,,AU,
Haymans Mansfield 465,haymansmansfield.com.au,haymansmansfield.com.au,,,,,,AU,
Barwon Health,barwonhealth.org.au,barwonhealth.org.au,,,,,,AU,
Vue Australia Pty Ltd,vuejs.org,vuejs.org,,,,,,AU,
Eurobodalla Shire Council,esc.nsw.gov.au,esc.nsw.gov.au,,,,,,AU,
New Zealand Defence Force (parent a/c),nzdf.mil.nz,nzdf.mil.nz,,,,,,NZ,
Commonwealth Law Courts Adelaide,hurtinva.com,hurtinva.com,,,,,,AU,
Two Degrees Networks,twodegreesfood.com,twodegreesfood.com,,,,,,AU,
Kununurra District Hospital,kununurradental.com.au,kununurradental.com.au,,,,,,AU,
South West Health Campus,southwesthealthcare.com.au,southwesthealthcare.com.au,,,,,,AU,
Bega Dairy & Drinks - Wetherill Park,begadairy.com.au,begadairy.com.au,,,,,,AU,
Aegros Group,aegros.com.au,aegros.com.au,,,,,,AU,
Beak & Johnston Pty Ltd,beakon.com.au,beakon.com.au,,,,,,AU,
Porgera JV - PNG,porgerajv.com,porgerajv.com,,,,,,AU,
Mainfreight Transport (Penrose),mainfreight.com,mainfreight.com,,,,,,AU,
Pgh Bricks & Pavers Pty Ltd,pghbricks.com.au,pghbricks.com.au,,,,,,AU,
Fiona Stanley Hospital,fiona.com,fiona.com,,,,,,AU,
Catholic Education Diocese of Rockhampton,cg.catholic.edu.au,cg.catholic.edu.au,,,,,,AU,
MWAVE AUSTRALIA,mwave.com.au,mwave.com.au,,,,,,AU,
Central Coast Council - Erina Depot,centralcoast.nsw.gov.au,centralcoast.nsw.gov.au,,,,,,AU,
Paspaley Pearling Company Pty Ltd,paspaleyplaza.com.au,paspaleyplaza.com.au,,,,,,AU,
Fair Work Commission,fwc.gov.au,fwc.gov.au,,,,,,AU,
Renault Australia,renault.com.au,renault.com.au,,,,,,AU,
Astrazeneca Pty Ltd,astrazeneca.com,astrazeneca.com,,,,,,AU,
Orange City Council,orange.nsw.gov.au,orange.nsw.gov.au,,,,,,AU,
South32 Worsley Alumina Pty Ltd Worsley,south32.com.au,south32.com.au,,,,,,AU,
National Gallery Of Victoria,ngv.vic.gov.au,ngv.vic.gov.au,,,,,,AU,
NPC MEDIA PTY LTD Frenchs Forest,npcmedia.com.au,npcmedia.com.au,,,,,,AU,
Central Gippsland Region Water Auth t/as Gippsland Water,centralgippsland.com.au,centralgippsland.com.au,,,,,,AU,
Stawell Gold Mines Pty Ltd,stawellgoldminescommunityhub.com.au,stawellgoldminescommunityhub.com.au,,,,,,AU,
HEALTHE CARE SURGICAL PTY LTD,healthecare.com.au,healthecare.com.au,,,,,,AU,
Manawa Energy Ltd,manawaenergy.co.nz,manawaenergy.co.nz,,,,,,NZ,
Freedom Foods Group Ingleburn Pty Ltd,freedomfoodsindiana.com,freedomfoodsindiana.com,,,,,,AU,
Tweed Shire Council,tweed.nsw.gov.au,tweed.nsw.gov.au,,,,,,AU,
Epic Energy South Australia Pty Ltd,epicenergy.com.au,epicenergy.com.au,,,,,,AU,
Coffs Harbour Water,coffsharbourweddings.com.au,coffsharbourweddings.com.au,,,,,,AU,
Western Aust Specialist Alloys Pty Ltd,www.wa.gov.au,www.wa.gov.au,,,,,,AU,
Central Queensland University Rockhampton,ourphn.org.au,ourphn.org.au,,,,,,AU,
Lockheed Martin Australia Electronic Systems Pty Ltd - Mawson Lakes,lmco.com,lmco.com,,,,,,AU,
Midcoast Water Midcoast County Council T/as,midcoast4kids.com.au,midcoast4kids.com.au,,,,,,AU,
GWM Water,gwmwater.org.au,gwmwater.org.au,,,,,,AU,
Colocity Pty Ltd - DC3,colocity.com,colocity.com,,,,,,AU,
Royal Perth Hospital Department Of Health Facilities Management,rpgc.com.au,rpgc.com.au,,,,,,AU,
Chemcolour Ltd,chemcolour.com,chemcolour.com,,,,,,AU,
Verve Energy T/As Electrify Generation Co - Op,verve.com,verve.com,,,,,,AU,
Talleys Group Ltd,talleys.com.au,talleys.com.au,,,,,,AU,
Haymans Atherton 210,haymansatherton.com.au,haymansatherton.com.au,,,,,,AU,
Aurelia Metals Ltd,aureliametals.com,aureliametals.com,,,,,,AU,
Whitsunday Regional Council Proserpine,whitsundayrc.qld.gov.au,whitsundayrc.qld.gov.au,,,,,,AU,
Namoi Cotton Co - Operative Ltd & Twynam Cotton Pty Ltd,namoicotton.com.au,namoicotton.com.au,,,,,,AU,
Malteurop Australia Pty Ltd North Geelong,malteurop.com,malteurop.com,,,,,,AU,
Minda Incorporated,mindahome.com.au,mindahome.com.au,,,,,,AU,
Olam Food Ingredients New Zealand Ltd,olamgroup.com,olamgroup.com,,,,,,NZ,
Pultron Composites Ltd,pultron.nz,pultron.nz,,,,,,NZ,
Leading Edge DC Dubbo,leadingedgeenergy.com.au,leadingedgeenergy.com.au,,,,,,AU,
JLL - Jones Lang Lasalle (QLD) Pty Ltd,jll.com,jll.com,,,,,,AU,
Sanitarium Health Food Company Berkeley Vale,sanitarium.nyc,sanitarium.nyc,,,,,,AU,
Lawter NZ Ltd,lawter.com,lawter.com,,,,,,NZ,
Department of Agriculture & Fisheries Canberra,daf.qld.gov.au,daf.qld.gov.au,,,,,,AU,
Wellington Water Ltd Petone,wellingtonwater.co.nz,wellingtonwater.co.nz,,,,,,NZ,
Skycity Adelaide Pty Ltd,skycityadelaide.com.au,skycityadelaide.com.au,,,,,,AU,
Ti Tree Bioenergy,titreebioenergy.com.au,titreebioenergy.com.au,,,,,,AU,
Network Waitaki Ltd,networkwaitaki.co.nz,networkwaitaki.co.nz,,,,,,NZ,
Kempsey Shire Council Kempsey,kempsey.nsw.gov.au,kempsey.nsw.gov.au,,,,,,AU,
Internode Pty Ltd Adelaide,on.net,on.net,,,,,,AU,
Crystalbrook Collection GAG Lake Street (Cairns) Property Company No. 1 Pty Ltd,crystalbrookcollection.com,crystalbrookcollection.com,,,,,,AU,
Airways Corporation Of NZ Ltd Christchurch,airways.co.nz,airways.co.nz,,,,,,NZ,
Sydney Desalination Plant Pty Ltd,sydneydesal.com.au,sydneydesal.com.au,,,,,,AU,
Warrnambool Cheese & Butter Factory Company Holdings Ltd Allansford,visitwarrnambool.com.au,visitwarrnambool.com.au,,,,,,AU,
Lincoln University,lincoln.ac.nz,lincoln.ac.nz,,,,,,NZ,
Liddell Coal Operations,liddellcoal.com.au,liddellcoal.com.au,,,,,,AU,
DXC Technology Burwood East,dxc.com,dxc.com,,,,,,AU,
Met Services Murarrie,metservices.net.au,metservices.net.au,,,,,,AU,
BARPA Pty Ltd,barpa.eu,barpa.eu,,,,,,AU,
Indorama Ventures Oxides Australia Pty Ltd,indoramaventures.com,indoramaventures.com,,,,,,AU,
Silver Lake (Deflector) Pty Ltd,silverlake.com,silverlake.com,,,,,,AU,
CONNECT SOURCE PTY LTD,connectsource.com.au,connectsource.com.au,,,,,,AU,
Sell & Parker,sellparker.com,sellparker.com,,,,,,AU,
Incitec Pivot Ltd Koorangang Island,incitecpivot.com.au,incitecpivot.com.au,,,,,,AU,
George Brown Electrical Fyshwick Rondelay Pty Ltd T/as,georgebrown.nsw.edu.au,georgebrown.nsw.edu.au,,,,,,AU,
Springvale Coal Pty Ltd Springvale,springvalelearning.com,springvalelearning.com,,,,,,AU,
Queensland Sugar Ltd Cairns,qsl.com.au,qsl.com.au,,,,,,AU,
Simplot Australia Pty Ltd Bathurst,simplot.com.au,simplot.com.au,,,,,,AU,
Carpentaria Shire Council,carpentaria.qld.gov.au,carpentaria.qld.gov.au,,,,,,AU,
Veolia Water Technologies & Solutions Australia Pty Ltd,watertechnologies.com,watertechnologies.com,,,,,,AU,
Australian Grain Storage Pty Ltd,ausgrain.com.au,ausgrain.com.au,,,,,,AU,
Northern Territory Police Fire & Emergency - Nt,ntcricket.com.au,ntcricket.com.au,,,,,,AU,
Riviera Marine Group,rivieramarinecentre.com.au,rivieramarinecentre.com.au,,,,,,AU,
Fraser Coast Regional Council,frasercoast.qld.gov.au,frasercoast.qld.gov.au,,,,,,AU,
Shoalhaven Starches Pty Ltd Nowra,shoalhaven.net.au,shoalhaven.net.au,,,,,,AU,
Westpac Banking Corporation North Ryde,westpac.com.au,westpac.com.au,,,,,,AU,
Royal Victorian Eye & Ear Hospital,rvac.com.au,rvac.com.au,,,,,,AU,
Nyrstar Port Pirie Pty Ltd,nyrstar.com,nyrstar.com,,,,,,AU,
Darling Park Management,atdarlingpark.com.au,atdarlingpark.com.au,,,,,,AU,
Centennial Airly Pty Ltd,centennial.com.au,centennial.com.au,,,,,,AU,
Patties Foods Australasia Pty Ltd,pattiesfoods.com.au,pattiesfoods.com.au,,,,,,AU,
South Australian Health & Medical Research Institute Ltd,sablinds.com.au,sablinds.com.au,,,,,,AU,
Mcarthur River Mining Pty Ltd,mcarthurrivermine.com.au,mcarthurrivermine.com.au,,,,,,AU,
Electra Ltd,electra.store,electra.store,,,,,,AU,
ASX Operations Pty Ltd,asx.com.au,asx.com.au,,,,,,AU,
Maroochydore Rsl & Ex Services Club Inc,maroochydore.com.au,maroochydore.com.au,,,,,,AU,
Pentana Solutions Pty Ltd,pentanasolutions.com,pentanasolutions.com,,,,,,AU,
Norton Gold Fields Pty Ltd,nortongoldfields.com.au,nortongoldfields.com.au,,,,,,AU,
Mid West Ports Authority,midwestports.com.au,midwestports.com.au,,,,,,AU,
GVG DESIGN CONSTRUCT PTY LTD,gvgdesignconstruct.com.au,gvgdesignconstruct.com.au,,,,,,AU,
NEW PLYMOUTH DISTRICT COUNCIL,npdc.govt.nz,npdc.govt.nz,,,,,,NZ,
Taranaki District Health Board New Plymouth,tdhb.org.nz,tdhb.org.nz,,,,,,NZ,
Ngati Tuwharetoa Geothermal Assets Ltd Kawerau,ngatiawa.iwi.nz,ngatiawa.iwi.nz,,,,,,NZ,
Island Green Power New Zealand Limited,islandgp.com,islandgp.com,,,,,,NZ,
Weta Digital Ltd,weta.org,weta.org,,,,,,AU,
Canterbury District Health Board Christchurch,cdhb.health.nz,cdhb.health.nz,,,,,,NZ,
Otorohanga District Council,otocoll.school.nz,otocoll.school.nz,,,,,,NZ,
Datacom Systems Ltd Auckland,datacomsystems.com,datacomsystems.com,,,,,,NZ,
ASB Bank Ltd AUCKLAND,asb.co.nz,asb.co.nz,,,,,,NZ,
Fiji Airways Ltd NADI,fijiairways.com,fijiairways.com,,,,,,AU,
New Zealand Blood Service,nzblood.co.nz,nzblood.co.nz,,,,,,NZ,
Marlborough District Council Blenheim,marlborough.govt.nz,marlborough.govt.nz,,,,,,NZ,
The Gpt Group Sydney,gpt.com.au,gpt.com.au,,,,,,AU,
NBN Co Ltd North Sydney,nbnco.com.au,nbnco.com.au,,,,,,AU,
South Gippsland Region Water Corporation Foster,sgdairy.com.au,sgdairy.com.au,,,,,,AU,
Haymans Slacks Creek 420,haymansslackscreek.com.au,haymansslackscreek.com.au,,,,,,AU,
Wag Pipeline Pty Ltd,wagwalking.com,wagwalking.com,,,,,,AU,
Hawkesbury City Council,hawkesbury.nsw.gov.au,hawkesbury.nsw.gov.au,,,,,,AU,
Opal Packaging Australia Pty Ltd,opalpackaging.com,opalpackaging.com,,,,,,AU,
Friendly Society Private Hospital Bundaberg,thefriendlies.org.au,thefriendlies.org.au,,,,,,AU,
Coca Cola Amatil (Aust) Pty Ltd Northmead,coca-cola.com,coca-cola.com,,,,,,AU,
Haymans Airlie Beach 251,haymansairliebeach.com.au,haymansairliebeach.com.au,,,,,,AU,
BVK 140 Sussex Street - CBRE,bvk.com,bvk.com,,,,,,AU,
COCA-COLA EuroPacific Partners Australian Pty Ltd,cocacolaep.com,cocacolaep.com,,,,,,AU,
Baxter Healthcare Pty Ltd,baxterhealthcare.com.au,baxterhealthcare.com.au,,,,,,AU,
Waterview Tunnel Joint Operation Waterview Tunnel Maintenance Depot,waterviewvancouver.com,waterviewvancouver.com,,,,,,AU,
Narrandera Shire Council,narrandera.nsw.gov.au,narrandera.nsw.gov.au,,,,,,AU,
Manukau Institute Of Technology,manukau.ac.nz,manukau.ac.nz,,,,,,NZ,
Ocado Solutions Australia Pty Ltd Wetherill Park,ocadosolutions.com,ocadosolutions.com,,,,,,AU,
DXN Solutions (DXN Data Centres),dxnsolutions.com.au,dxnsolutions.com.au,,,,,,AU,
Alinta Energy Ltd (Glenbrook NZ Steel),alintacorp.com,alintacorp.com,,,,,,NZ,
Adelaide City Council,adelaidecitycare.com.au,adelaidecitycare.com.au,,,,,,AU,
Asurequality Australia Pty Ltd,asurequality.com,asurequality.com,,,,,,AU,
Suncorp Group New Zealand Ltd Auckland,suncorpgroup.co.nz,suncorpgroup.co.nz,,,,,,NZ,
Pulse Dc Pty Ltd,pulsedc.com.au,pulsedc.com.au,,,,,,AU,
Network Data Integration Pty Ltd,netdatatech.com,netdatatech.com,,,,,,AU,
Cleanco Queensland Ltd Brisbane,cleancoqueensland.com.au,cleancoqueensland.com.au,,,,,,AU,
Ferrero Australia Pty Ltd Lithgow,ferrero.com,ferrero.com,,,,,,AU,
Wilmar Bioethanol (Australia) Pty Ltd,wilmark.com.au,wilmark.com.au,,,,,,AU,
Bundaberg Sugar Ltd Bundaberg West,bundysugar.com.au,bundysugar.com.au,,,,,,AU,
Rivalea (Australia) Pty Ltd,rivalea.com.au,rivalea.com.au,,,,,,AU,
Glengarry Hospital WA,glengarryconsulting.com,glengarryconsulting.com,,,,,,AU,
Ideal Mt Gravatt,idealmt.com,idealmt.com,,,,,,AU,
Bethesda Health Care,bethesda.org.au,bethesda.org.au,,,,,,AU,
Z Energy Ltd,z.co.nz,z.co.nz,,,,,,NZ,
Page Data Pty Ltd Alexandria,page.com.au,page.com.au,,,,,,AU,
Reserve Bank Of Australia Sydney,rba.gov.au,rba.gov.au,,,,,,AU,
Mercy Health - Corporate Office,mercy.com,mercy.com,,,,,,AU,
Western Sydney University Parramatta,westernsydney.edu.au,westernsydney.edu.au,,,,,,AU,
Busselton Hospital,busseltonponyclub.com.au,busseltonponyclub.com.au,,,,,,AU,
I-MED Network Pty Ltd Sydney,imed.com.au,imed.com.au,,,,,,AU,
Premier Beehive NZ,premierbeehive.co.nz,premierbeehive.co.nz,,,,,,NZ,
Resmed,resmed.com.au,resmed.com.au,,,,,,AU,
QA Electrical,qaelectrical.com.au,qaelectrical.com.au,,,,,,AU,
Go Offshore Pty Ltd,gooffshore.com.au,gooffshore.com.au,,,,,,AU,
Golden Bay Cement Whangarei,goldenbay.co.nz,goldenbay.co.nz,,,,,,NZ,
Kapiti Coast District Council,kapiticoastmuseum.org.nz,kapiticoastmuseum.org.nz,,,,,,NZ,
Juken New Zealand Ltd Wairarapa Mill,jnl.co.nz,jnl.co.nz,,,,,,NZ,
Hawke’s Bay - Health New Zealand,hawkesbay-airport.co.nz,hawkesbay-airport.co.nz,,,,,,NZ,
Data Centre 220,datacentre.co.nz,datacentre.co.nz,,,,,,NZ,
ANZ Banking Group Ltd & Anz Leasing (VIC) Pty Ltd - Melbourne,anz.com.au,anz.com.au,,,,,,AU,
Schneider Electric Australia Holdings Pty Ltd - Malaga,se.com,se.com,,,,,,AU,
Tooheys NSW,tooheys.com.au,tooheys.com.au,,,,,,AU,
Kaiser Trading Group Pty Ltd,kaisertrading.com,kaisertrading.com,,,,,,AU,
Bendigo Bank Ltd BENDIGO Bendigo,bendigobank.com.au,bendigobank.com.au,,,,,,AU,
Greens General Foods Pty Ltd,greens.com.au,greens.com.au,,,,,,AU,
Essity Australasia Ltd,essity.com,essity.com,,,,,,AU,
Australian Vintage Wines Ltd,avlwines.com.au,avlwines.com.au,,,,,,AU,
Multinail Machinery Pty Ltd,multinail.com.au,multinail.com.au,,,,,,AU,
Sanoma Mine,sanoma.com,sanoma.com,,,,,,AU,
Aqwest Bunbury Water Corporation,aqwest.com.au,aqwest.com.au,,,,,,AU,
District Council Of Mount Barker,cleve.sa.gov.au,cleve.sa.gov.au,,,,,,AU,
St. Catherine's School,stcatherines.net.au,stcatherines.net.au,,,,,,AU,
Venues West - Hbf Stadium,venueswest.wa.gov.au,venueswest.wa.gov.au,,,,,,AU,
Mareeba Shire Council,msc.qld.gov.au,msc.qld.gov.au,,,,,,AU,
Ports North Cairns,portsnorth.com.au,portsnorth.com.au,,,,,,AU,
Moreton Bay Regional Council Moreton Bay,moretonbayclinic.com.au,moretonbayclinic.com.au,,,,,,AU,
Mataura Valley Milk Ltd McNab,mataura.com,mataura.com,,,,,,AU,
Ministry of Social Development,msd.govt.nz,msd.govt.nz,,,,,,NZ,
South Gippsland Shire Council,southgippsland.vic.gov.au,southgippsland.vic.gov.au,,,,,,AU,
Myer Pty Ltd,myer.com.au,myer.com.au,,,,,,AU,
Anu (Bms) Facilities & Services Anthony Low Building,anufacilities.com,anufacilities.com,,,,,,AU,
Ballance Agri-Nutrients (Kapuni) Ltd - Hawera,ballance.co.nz,ballance.co.nz,,,,,,NZ,
Nexans New Zealand Ltd,nexans.com,nexans.com,,,,,,NZ,
Tweed Heads Bowls Club Ltd,tweedheadschiro.com.au,tweedheadschiro.com.au,,,,,,AU,
City Of Tea Tree Gully,teatreegully.sa.gov.au,teatreegully.sa.gov.au,,,,,,AU,
Hub Australia Melbourne,hub360.com.au,hub360.com.au,,,,,,AU,
Department of Primary Industries,dpird.wa.gov.au,dpird.wa.gov.au,,,,,,AU,
Manningham City Council,manningham.vic.gov.au,manningham.vic.gov.au,,,,,,AU,
Perisher Blue Pty Ltd,perisher.com.au,perisher.com.au,,,,,,AU,
Vitasoy Australia Products Pty Ltd,soy.com.au,soy.com.au,,,,,,AU,
Mastercard Australia Ltd,mastercard.com.au,mastercard.com.au,,,,,,AU,
Murrin Murrin Operations Pty Ltd Leonora,murrinmedia.com.au,murrinmedia.com.au,,,,,,AU,
Gelita Australia Pty Ltd Beaudesert (Head Office),gelita.com,gelita.com,,,,,,AU,
Technicon Engineering Services,technicon.net,technicon.net,,,,,,AU,
Orana Engineering Pty Ltd,oranaeng.com.au,oranaeng.com.au,,,,,,AU,
Guildford Grammar,ggs.wa.edu.au,ggs.wa.edu.au,,,,,,AU,
Ap Williams & Co,apwilliams.com.au,apwilliams.com.au,,,,,,AU,
Cleveland Bay Waste Water,clevelandbayaviation.com.au,clevelandbayaviation.com.au,,,,,,AU,
Action Electrical Supplies Pty Ltd,actionelectrical.net,actionelectrical.net,,,,,,AU,
EWS Bathurst DHB,earnwithsapna.com,earnwithsapna.com,,,,,,AU,
Mulgrave Central Mill Company Ltd,mulgrave.com.au,mulgrave.com.au,,,,,,AU,
The Pumphouse,rockhillpumphouse.com,rockhillpumphouse.com,,,,,,AU,
Haymans Yeppoon 269,haymansyeppoon.com.au,haymansyeppoon.com.au,,,,,,AU,
Apt Management Services Pty Ltd Fyshwick,aptmanagement.com,aptmanagement.com,,,,,,AU,
Timberlink Australia Pty Ltd,timberlinkaustralia.com.au,timberlinkaustralia.com.au,,,,,,AU,
Magnetite Mines Ltd,magnetitemines.com,magnetitemines.com,,,,,,AU,
Royal Botanic Gardens Sydney,rbg.vic.gov.au,rbg.vic.gov.au,,,,,,AU,
Vanderlande Industries Australia Pty Ltd,vanderlande.com,vanderlande.com,,,,,,AU,
United Electrical Supplies Pty Ltd,utdelectrical.com,utdelectrical.com,,,,,,AU,
Bgc Residential Pty Ltd,bgcresidential.com.au,bgcresidential.com.au,,,,,,AU,
Summerset,summerset.co,summerset.co,,,,,,AU,
Muswellbrook Coal Company Ltd,muswellbrook.com.au,muswellbrook.com.au,,,,,,AU,
Yarra City Council,yarracity.vic.gov.au,yarracity.vic.gov.au,,,,,,AU,
Century Mining Pty Ltd Cloncurry,century.com.au,century.com.au,,,,,,AU,
Haymans Cardiff 207,haymanscardiff.com.au,haymanscardiff.com.au,,,,,,AU,
IAG Insurance Australia Group Sydney,iagmi.com,iagmi.com,,,,,,AU,
Palmerston North Hospital,pncc.govt.nz,pncc.govt.nz,,,,,,NZ,
Loy Yang A Power Management Pty Ltd (AGL),loyyangb.com.au,loyyangb.com.au,,,,,,AU,
Synlait Milk Pokeno,synlait.com,synlait.com,,,,,,AU,
Australian Maritime Safety Authority,amsa.gov.au,amsa.gov.au,,,,,,AU,
Carnarvon Regional Hospital Carnarvon,carnarvoncentral.com.au,carnarvoncentral.com.au,,,,,,AU,
Citylife Church Inc,sacramentocitylife.com,sacramentocitylife.com,,,,,,AU,
Waikato University,waikatotimes.co.nz,waikatotimes.co.nz,,,,,,NZ,
Visy Glass Operations NZ Ltd,visy.co.nz,visy.co.nz,,,,,,NZ,
Health Alliance,healthalliance.org,healthalliance.org,,,,,,AU,
Oceania Dairy LTD,oceaniadairy.co.nz,oceaniadairy.co.nz,,,,,,NZ,
Cassowary Coast Regional Council,cassowarycoast.qld.gov.au,cassowarycoast.qld.gov.au,,,,,,AU,
Fairfield Electrical Supplies Pty Ltd,fesnsw.com.au,fesnsw.com.au,,,,,,AU,
Methanex New Zealand Ltd,methanex.com,methanex.com,,,,,,NZ,
Brookfield Properties Carrington St,brookfieldproperties.com,brookfieldproperties.com,,,,,,AU,
Hills Grammar School,hillsgrammar.nsw.edu.au,hillsgrammar.nsw.edu.au,,,,,,AU,
The Trust Company (Aust) Ltd Atf Pearl Spring Zb 2016 & Llrei Atf Appf Commercial,thetrustco.com,thetrustco.com,,,,,,AU,
Abbotsleigh School,abbotsleigh.nsw.edu.au,abbotsleigh.nsw.edu.au,,,,,,AU,
University Of Western Australia - Building Operations,uws.edu,uws.edu,,,,,,AU,
Patricks Terminals West Melbourne,patricks.com.au,patricks.com.au,,,,,,AU,
Investa Asset Management Pty Ltd - Brisbane City,investa.com,investa.com,,,,,,AU,
Lineage Logistics - Hawkes Bay,lineageuae.com,lineageuae.com,,,,,,AU,
Dxn Ltd,dxn2u.com,dxn2u.com,,,,,,AU,
Marsh Pty Ltd Sydney,marsh.com,marsh.com,,,,,,AU,
The Portland House Group Pty Ltd,theportlandband.com,theportlandband.com,,,,,,AU,
Aeris Resources - Cracow Gold Operations,aerisresources.com.au,aerisresources.com.au,,,,,,AU,
Shepperd Building Company,shepperdbuilding.com.au,shepperdbuilding.com.au,,,,,,AU,
Canny Electrics Pty Ltd,cannyelectrics.com.au,cannyelectrics.com.au,,,,,,AU,
Stiles Electrical & Communication Services Pty Ltd,stileselectrical.com.au,stileselectrical.com.au,,,,,,AU,
Integral Engineering,integraleng.com.au,integraleng.com.au,,,,,,AU,
Millennium Mine,millenniumminerals.com.au,millenniumminerals.com.au,,,,,,AU,
Melbourne Convention & Exhibition Centre,mcec.com.au,mcec.com.au,,,,,,AU,
Regulator Australia Pty Ltd,regulatoraustralia.com.au,regulatoraustralia.com.au,,,,,,AU,
Ballina Shire Council,ballina.nsw.gov.au,ballina.nsw.gov.au,,,,,,AU,
FNQ Sugar Services Pty Ltd South Johnstone Mill,yourfnq.com.au,yourfnq.com.au,,,,,,AU,
Richmond Valley Council,richmondvalley.nsw.gov.au,richmondvalley.nsw.gov.au,,,,,,AU,
Grange Resources Port Latta,grangeresources.com.au,grangeresources.com.au,,,,,,AU,
PODIA Developments PTY LTD,podia.com,podia.com,,,,,,AU,
Ernst & Young Services Pty Ltd Sydney,ernstyoung.com.au,ernstyoung.com.au,,,,,,AU,
Velocity Energy Brendale,velocityenergy.com.au,velocityenergy.com.au,,,,,,AU,
Tianqi Lithium Holdings Pty Ltd,tianqilithium.com.au,tianqilithium.com.au,,,,,,AU,
Epworth Centre SEB,epworthcentre.com,epworthcentre.com,,,,,,AU,
Greater Shepparton City Council,greatershepparton.com.au,greatershepparton.com.au,,,,,,AU,
Vopak Terminals Sydney Pty Ltd,engrovopak.com,engrovopak.com,,,,,,AU,
Geelong Port Pty Ltd,geelongport.com.au,geelongport.com.au,,,,,,AU,
Norco Co - Operative Ltd South Lismore,norco-inc.com,norco-inc.com,,,,,,AU,
Strada Office Fund C/- Colliers,strada.eu,strada.eu,,,,,,AU,
NIWA – National Institute of Water and Atmospheric Research (parent a/c),niwa.co.nz,niwa.co.nz,,,,,,NZ,
Fitzroy Hospital,fitzroy-ingenieria.com,fitzroy-ingenieria.com,,,,,,AU,
Clean Teq Water Operations Pty Ltd,cleanteqwater.com,cleanteqwater.com,,,,,,AU,
Alphazeta Group Pty Ltd,alphazeta.com.au,alphazeta.com.au,,,,,,AU,
Gippsland Water Factory Water Factory - Maryvale,gippswater.com.au,gippswater.com.au,,,,,,AU,
Process Automation,processauto.net,processauto.net,,,,,,AU,
Henry Kendall Group Pty Ltd,henrykendall.com.au,henrykendall.com.au,,,,,,AU,
DFE Pharma NZ Ltd,dfepharma.com,dfepharma.com,,,,,,NZ,
Carter Holt Harvey Wood Products,chhwoodproducts.com.au,chhwoodproducts.com.au,,,,,,AU,
Buller Electricity Ltd,bullerelectricity.co.nz,bullerelectricity.co.nz,,,,,,NZ,
University Of Canterbury Ilam,canterbury.ac.nz,canterbury.ac.nz,,,,,,NZ,
Todd Energy Kapuni Gas Treatment Plant,toddenergy.co.nz,toddenergy.co.nz,,,,,,NZ,
Genesis Energy Ltd - Hamilton Office,genesisenergy.co.nz,genesisenergy.co.nz,,,,,,NZ,
Boggabri Coal Pty Ltd,boggabricoal.com.au,boggabricoal.com.au,,,,,,AU,
River Sands Pty Ltd,riversands.com.au,riversands.com.au,,,,,,AU,
Air New Zealand Ltd (H/O),airnewzealand.co.nz,airnewzealand.co.nz,,,,,,NZ,
Weathertex Pty Ltd,weathertex.com.au,weathertex.com.au,,,,,,AU,
Northern Beaches Council,northernbeaches.nsw.gov.au,northernbeaches.nsw.gov.au,,,,,,AU,
Agnew Gold Mining Company Pty Ltd,agnewlakeservice.com,agnewlakeservice.com,,,,,,AU,
Department Of Environment & Climate Change Parramatta,der.wa.gov.au,der.wa.gov.au,,,,,,AU,
STATE EMERGENCY SERVICE,stateemergencyservice.com,stateemergencyservice.com,,,,,,AU,
CSL Behring Ltd,hkcsl.com,hkcsl.com,,,,,,AU,
Lululemon Athletica Australia Pty Ltd Collingwood,lululemon.com.au,lululemon.com.au,,,,,,AU,
Rockhampton Regional Council Rockhampton,rockhamptonregion.qld.gov.au,rockhamptonregion.qld.gov.au,,,,,,AU,
Silver Fern Farms Co-Operative Ltd Christchurch,silverfernfarms.com,silverfernfarms.com,,,,,,NZ,
Greymouth Petroleum Ltd,greymouthpetroleum.co.nz,greymouthpetroleum.co.nz,,,,,,NZ,
Hartnell Coolheat Ltd,hartnell.co.nz,hartnell.co.nz,,,,,,NZ,
Buckley Bros Lawson Harlech Trading Co. Pty Ltd T/as,buckleybrosinc.com,buckleybrosinc.com,,,,,,AU,
University Of Otago,otago.ac.nz,otago.ac.nz,,,,,,NZ,
Fosterville Gold Mine Pty Ltd,fosterville.com.au,fosterville.com.au,,,,,,AU,
Courtyard Marriott Hotel,courtyard.media,courtyard.media,,,,,,AU,
Westernport Water,westernportwater.com.au,westernportwater.com.au,,,,,,AU,
Shark Bay Resources Pty Ltd Perth,sharkbaycrc.net.au,sharkbaycrc.net.au,,,,,,AU,
Nova 106.9 Pty Ltd,nova.rs,nova.rs,,,,,,AU,
Eastern Health Ringwood East,easternhealth.org.au,easternhealth.org.au,,,,,,AU,
Strait Shipping LTD,straitshipping.com,straitshipping.com,,,,,,AU,
Flight Centre (NZ) Ltd,flightcentre.co.nz,flightcentre.co.nz,,,,,,NZ,
Scentre Group Ltd Sydney,scentregroup.com,scentregroup.com,,,,,,AU,
STAR Building Management Services,starbuilding.com,starbuilding.com,,,,,,AU,
Southern Cross Group Services Pty Ltd,scgroup.global,scgroup.global,,,,,,AU,
Intervolve Pty Ltd,intervolve.com,intervolve.com,,,,,,AU,
Department of Planning Housing & Infrastructure,planning.wa.gov.au,planning.wa.gov.au,,,,,,AU,
Brisbane Entertainment Centre T/as ASM Global (Brisbane) Pty Ltd,brisent.com.au,brisent.com.au,,,,,,AU,
Quarry Products (Newcastle) Pty Ltd,qpn.com.au,qpn.com.au,,,,,,AU,
Bioaction Pty Ltd,bioaction.com.au,bioaction.com.au,,,,,,AU,
South Austral Pty Ltd,police.sa.gov.au,police.sa.gov.au,,,,,,AU,
Arkwood,arkwood.com.ua,arkwood.com.ua,,,,,,AU,
AIRBUS GROUP AUSTRALIA,airbus-group.com,airbus-group.com,,,,,,AU,
SECURE AGILITY PTY LTD Sydney,secureagility.com,secureagility.com,,,,,,AU,
Jellinbah Mining Pty Ltd,jellinbah.com.au,jellinbah.com.au,,,,,,AU,
Newhaul Port Logistics Pty Ltd,newhaul.com.au,newhaul.com.au,,,,,,AU,
New South Wales Sugar Milling Co Operative Ltd,nswgolfclub.com.au,nswgolfclub.com.au,,,,,,AU,
Richmond Dairies Pty Ltd,richmonddairies.com.au,richmonddairies.com.au,,,,,,AU,
City of Port Lincoln,portlincoln.sa.gov.au,portlincoln.sa.gov.au,,,,,,AU,
Solo Resource Recovery,gosolo.io,gosolo.io,,,,,,AU,
Hamilton City Council - Water Treatment Plants,hamilton.govt.nz,hamilton.govt.nz,,,,,,NZ,
Byron Shire Council Mullumbimby,byron.nsw.gov.au,byron.nsw.gov.au,,,,,,AU,
R.S.H Electricial Wholesalers Pty Ltd Brookvale,rsandh.com,rsandh.com,,,,,,AU,
Robert Oatley Vineyards Pty Ltd,robertoatley.com.au,robertoatley.com.au,,,,,,AU,
Lincoln Plastics Pty Ltd Lincoln Press Metal Unit Trust T/as,lincoln-plastics.com,lincoln-plastics.com,,,,,,AU,
Heritage Brands (Australia) Pty Ltd,heritagebrands.com.au,heritagebrands.com.au,,,,,,AU,
PMB Defence,pmbdefence.com.au,pmbdefence.com.au,,,,,,AU,
Smiths Snack Food Regency Park,smiths.com.au,smiths.com.au,,,,,,AU,
Delta Coal - Chain Valley Colliery Great Southern Energy,deltacoal.com.au,deltacoal.com.au,,,,,,AU,
Broome Hospital,broomekimberley.com.au,broomekimberley.com.au,,,,,,AU,
Rous County Council Lismore,rous.nsw.gov.au,rous.nsw.gov.au,,,,,,AU,
Melbourne & Olympic Parks Trust,melbournepolytechnic.edu.au,melbournepolytechnic.edu.au,,,,,,AU,
National Film & Sound Archives,nfsa.gov.au,nfsa.gov.au,,,,,,AU,
Deloitte (Australia) Pty Ltd,deloitte.com,deloitte.com,,,,,,AU,
Claymark Ltd (Thames),claymark.co.nz,claymark.co.nz,,,,,,NZ,
Mach Energy Australia Pty Ltd,machenergyaustralia.com.au,machenergyaustralia.com.au,,,,,,AU,
MELBOURNE ARCHDIOCESE CATHOLIC SCHOOLS LTD,macs.vic.edu.au,macs.vic.edu.au,,,,,,AU,
Agricultural Bank Of China Ltd,abchina.com,abchina.com,,,,,,AU,
The Salvation Army Sydney,salvationarmy.org.au,salvationarmy.org.au,,,,,,AU,
Christchurch International Airport Ltd,ccilife.org,ccilife.org,,,,,,NZ,
Western Bay of Plenty District Council,westernbay.govt.nz,westernbay.govt.nz,,,,,,NZ,
LIGHTYEARS SOLAR LIMITED,lightyearssolar.co.nz,lightyearssolar.co.nz,,,,,,NZ,
RANUI SOLAR LIMITED,ranui.com,ranui.com,,,,,,AU,
Grey District Council,greydc.govt.nz,greydc.govt.nz,,,,,,NZ,
Wanganui District Council,wanganuieastclub.co.nz,wanganuieastclub.co.nz,,,,,,NZ,
AFFCO Manawatu,affco.com,affco.com,,,,,,AU,
Whangarei District Council Whangarei,wdc.govt.nz,wdc.govt.nz,,,,,,NZ,
Grey Base Hospital,grey.co,grey.co,,,,,,AU,
Bathurst Resources Ltd Stockton Mine,bathurst.co.nz,bathurst.co.nz,,,,,,NZ,
Westmead Hospital - Center For Diseases & Microbiology,westmeadhf.org.au,westmeadhf.org.au,,,,,,AU,
Aquatic Informatics Australia Pty Ltd,aquaticinformatics.com,aquaticinformatics.com,,,,,,AU,
Corrs Chambers Westgarth Melbourne,corrs.com.au,corrs.com.au,,,,,,AU,
Darwin International Airport,darwinairport.com.au,darwinairport.com.au,,,,,,AU,
Aurizon Network Pty Ltd,aurizon.com.au,aurizon.com.au,,,,,,AU,
Hines Property,hinesproperty.com.au,hinesproperty.com.au,,,,,,AU,
Singleton Council,singleton.nsw.gov.au,singleton.nsw.gov.au,,,,,,AU,
Australian Catholic University Ltd Fitzroy,acu.edu.au,acu.edu.au,,,,,,AU,
Selwyn District Council,selwyn.govt.nz,selwyn.govt.nz,,,,,,NZ,
Obela Fresh Dips & Spreads Pty Ltd,obela.org,obela.org,,,,,,AU,
Muswellbrook Shire Council,muswellbrook.nsw.gov.au,muswellbrook.nsw.gov.au,,,,,,AU,
Central Land Council,clc.org.au,clc.org.au,,,,,,AU,
Enernet Australia Pty Ltd,enernetcorp.com,enernetcorp.com,,,,,,AU,
Unilever Australia Ltd Epping,unilever.com,unilever.com,,,,,,AU,
Zoom Video Communications,zoomvideocommunications.com,zoomvideocommunications.com,,,,,,AU,
IOTA Services Pty Ltd,iotaservices.com.au,iotaservices.com.au,,,,,,AU,
Doral Mineral Sands Pty Ltd,doral.com.au,doral.com.au,,,,,,AU,
Pacific Steel  (NZ) Ltd,pacificsteel.co.nz,pacificsteel.co.nz,,,,,,NZ,
Services Australia,servicesaustralia.gov.au,servicesaustralia.gov.au,,,,,,AU,
DB Breweries Ltd,db.co.nz,db.co.nz,,,,,,NZ,
Lion Breweries Ltd,lion.com,lion.com,,,,,,AU,
Anzco Foods NZ Head office,anzcofoods.com,anzcofoods.com,,,,,,NZ,
STAR GROUP Sydney,star-group.net,star-group.net,,,,,,AU,
Wells Fargo International Finance (Australia) Pty Ltd Burnley,wellsfargo.com,wellsfargo.com,,,,,,AU,
General Mills Australia Pty Ltd,generalmills.com,generalmills.com,,,,,,AU,
Disney Studios Australia Pty Ltd,disneystudios.com,disneystudios.com,,,,,,AU,
Vent Mechanical Services Pty Ltd,ventmechanical.com.au,ventmechanical.com.au,,,,,,AU,
Computershare Ltd - Global Headquarters,computershare.com,computershare.com,,,,,,AU,
Austral Bricks (VIC) Pty Ltd Nubrik Pty Ltd T/As,mulgravebricklaying.com.au,mulgravebricklaying.com.au,,,,,,AU,
Northcloud Ltd,northcloud.co.nz,northcloud.co.nz,,,,,,NZ,
Transurban Ltd (Head Office),transurban.com,transurban.com,,,,,,AU,
Ingram Content Group Australia Pty Ltd,ingramcontent.com,ingramcontent.com,,,,,,AU,
Zinfra Pty Ltd Bangholme,zinfra.com.au,zinfra.com.au,,,,,,AU,
Colterlec Pty Ltd,colterlec.com.au,colterlec.com.au,,,,,,AU,
Advanced Environmental Systems Pty Ltd,thetankspecialists.com,thetankspecialists.com,,,,,,AU,
NARTA International Pty Ltd,narta.com.au,narta.com.au,,,,,,AU,
Victoria Racing Club Ltd,vrc.com.au,vrc.com.au,,,,,,AU,
BLACKSTONE,blackstone.com,blackstone.com,,,,,,AU,
Hamilton Island Ltd Hamiliton Island,hamiltonislandair.com,hamiltonislandair.com,,,,,,NZ,
Max Birt Sawmills,maxbirtsawmills.co.nz,maxbirtsawmills.co.nz,,,,,,NZ,
Unisuper Management Pty Ltd Melbourne VIC,unisuper.com.au,unisuper.com.au,,,,,,AU,
Pandora Jewellery Ltd Belrose,pandora.com,pandora.com,,,,,,AU,
Upper Hunter Shire Council,upperhunter.nsw.gov.au,upperhunter.nsw.gov.au,,,,,,AU,
Sino Iron Pty Ltd,sinoiron.com,sinoiron.com,,,,,,AU,
Waste Management NZ Ltd,wm.com,wm.com,,,,,,NZ,
Kiwi Lumber Ltd Masterton,kiwilumber.com,kiwilumber.com,,,,,,AU,
St George's Hospital,stgeorges.org.nz,stgeorges.org.nz,,,,,,NZ,
Horizons Regional Council,horizons.govt.nz,horizons.govt.nz,,,,,,NZ,
Inner West Council Petersham,innerwest.nsw.gov.au,innerwest.nsw.gov.au,,,,,,AU,
GOELDNER CONSULTING PTY LTD,goeldnerconsulting.com.au,goeldnerconsulting.com.au,,,,,,AU,
Racq Insurance - Main Account,racq.com.au,racq.com.au,,,,,,AU,
City of Stirling,stirling.wa.gov.au,stirling.wa.gov.au,,,,,,AU,
Esperance Hospital,esperancewine.com,esperancewine.com,,,,,,AU,
Silanna Semiconductor Pty Ltd,powerdensity.com,powerdensity.com,,,,,,AU,
Clarence Valley Council,clarence.nsw.gov.au,clarence.nsw.gov.au,,,,,,AU,
Ozcare,ozcareorganics.com.au,ozcareorganics.com.au,,,,,,AU,
Stanmore IP Coal Pty Ltd,stanmoreip.com,stanmoreip.com,,,,,,AU,
Konverge Pty Ltd,konverge.com.au,konverge.com.au,,,,,,AU,
Australian Unity Ltd Melbourne,australianunity.com.au,australianunity.com.au,,,,,,AU,
Gmhba Ltd,gmhba.com,gmhba.com,,,,,,AU,
Lf Logistics Pty Ltd,lflogistics.com,lflogistics.com,,,,,,AU,
ACHA Health - Flinders Private Hospital,achahealth.com,achahealth.com,,,,,,AU,
Aryzta Bakeries,aryzta.com,aryzta.com,,,,,,AU,
Autodesk Australia Pty Ltd,autodesk.com,autodesk.com,,,,,,AU,
CI Australia,ciaustralia.com.au,ciaustralia.com.au,,,,,,AU,
Austlii Foundation Ltd,austlii.edu.au,austlii.edu.au,,,,,,AU,
Heritage Express 140 Sussex St Pty Ltd - C/- Cbre Pty Ltd,heritageexpress.com,heritageexpress.com,,,,,,AU,
Generation - E (Ulysses Group Pty Ltd) Richmond,generation.org,generation.org,,,,,,AU,
Collie Hospital,collie.com.au,collie.com.au,,,,,,AU,
Integrated Solutions Group Queensland Pty Ltd,isgq.com.au,isgq.com.au,,,,,,AU,
Hbf Health Ltd Perth,hbf.com.au,hbf.com.au,,,,,,AU,
Element 25 Ltd,element.market,element.market,,,,,,AU,
Solindo Pty Ltd,solindo.com,solindo.com,,,,,,AU,
Wollondilly Shire Council,wollondilly.nsw.gov.au,wollondilly.nsw.gov.au,,,,,,AU,
Catholic Diocese of Armidale,salinadiocese.org,salinadiocese.org,,,,,,AU,
Yashili New Zealand Dairy Company Waikato,yashili.co.nz,yashili.co.nz,,,,,,NZ,
Port Marlborough New Zealand Ltd,portmarlborough.co.nz,portmarlborough.co.nz,,,,,,NZ,
Johnson Winter Slattery Lawyers Adelaide,jws.com.au,jws.com.au,,,,,,AU,
ELLUMINATE ELECTRICAL,elluminateme.com,elluminateme.com,,,,,,AU,
Rydges Campbelltown,rydgescampbelltown.com.au,rydgescampbelltown.com.au,,,,,,AU,
Southern Cross Austereo Pty Ltd Ultra Adelaide,sca.com.au,sca.com.au,,,,,,AU,
Konica Minolta Business Solutions Australia Pty Ltd Macquarie Park,konicaminolta.com.au,konicaminolta.com.au,,,,,,AU,
Australian Finance Group Ltd West Perth,australianfinancehub.com.au,australianfinancehub.com.au,,,,,,AU,
Walter & Eliza Hall Institute,walter.com.au,walter.com.au,,,,,,AU,
Carey Baptist Grammar School Ltd Kew,carey.com.au,carey.com.au,,,,,,AU,
Bega Valley Shire Council,begavalley.nsw.gov.au,begavalley.nsw.gov.au,,,,,,AU,
Tassal Operations Pty Ltd Margate,tassal.com.au,tassal.com.au,,,,,,AU,
Geon Property Group,geonproperty.com.au,geonproperty.com.au,,,,,,AU,
AFS Logistics Australia Pty Ltd,afslogistics.com.au,afslogistics.com.au,,,,,,AU,
Australian Strategic Materials,asm-au.com,asm-au.com,,,,,,AU,
Peel Health Campus,peelhealthcare.org.au,peelhealthcare.org.au,,,,,,AU,
5 Queens Road Base Bldg,5queens.com,5queens.com,,,,,,AU,
Mccain Foods (Aust) Pty Ltd Wendouree,mccainfoodservice-anz.com,mccainfoodservice-anz.com,,,,,,AU,
Actrol Parts - Salisbury,actrol.com.au,actrol.com.au,,,,,,AU,
BAE Systems Aust Defence Pty Ltd Henderson,baesystems.com,baesystems.com,,,,,,AU,
CSR Building Products Ltd Schofields,csrbuilding.com,csrbuilding.com,,,,,,AU,
Rabobank Australia Ltd,rabobank.com.au,rabobank.com.au,,,,,,AU,
Insight Enterprises Australia Pty Ltd Sydney,insight.com,insight.com,,,,,,AU,
Winton Shire Council,winton.qld.gov.au,winton.qld.gov.au,,,,,,AU,
Port Kembla Copper Pty Ltd,portkemblasurfclub.com.au,portkemblasurfclub.com.au,,,,,,AU,
National Gallery of Australia,nga.gov.au,nga.gov.au,,,,,,AU,
City Of Geraldton,cityof.com,cityof.com,,,,,,AU,
Narrogin Regional Hospital,narroginford.com.au,narroginford.com.au,,,,,,AU,
Daiken New Zealand Ltd,daiken-ad.com,daiken-ad.com,,,,,,NZ,
Smit Lamnalco (Gladstone),smitlamnalco.com,smitlamnalco.com,,,,,,AU,
Linkedin Australia Pty Ltd - Sydney,linkedin.com,linkedin.com,,,,,,AU,
St Ives Gold Mining Company Pty Ltd,stives.com,stives.com,,,,,,AU,
TAFE Gippsland Bairnsdale Campus,tafegippsland.edu.au,tafegippsland.edu.au,,,,,,AU,
Hazeldene's Chicken Farm Pty Ltd,hazeldenes.com.au,hazeldenes.com.au,,,,,,AU,
Taylor Preston Ltd,taylorpreston.co.nz,taylorpreston.co.nz,,,,,,NZ,
Lakes District Health,lakesdhb.govt.nz,lakesdhb.govt.nz,,,,,,NZ,
Select Harvests Ltd Wemen,selectharvests.com.au,selectharvests.com.au,,,,,,AU,
Seven Network (Operations) Ltd Maroochydore,seven.com,seven.com,,,,,,AU,
Apple Sydney,apple.com,apple.com,,,,,,AU,
Baptist Care Baulkham Hills,baptistcare.org.au,baptistcare.org.au,,,,,,AU,
Cairns Aquarium & Reef Research Centre Pty Ltd,cairnsaquarium.com.au,cairnsaquarium.com.au,,,,,,AU,
North QLD Data Centres Pty Ltd,north.com.au,north.com.au,,,,,,AU,
Actew AGL Distribution Greenway,actewagl.com.au,actewagl.com.au,,,,,,AU,
Attorney Generals Department Adelaide,ag.gov.au,ag.gov.au,,,,,,AU,
TAFE QUEENSLAND Mt Gravatt,tafeqld.edu.au,tafeqld.edu.au,,,,,,AU,
ERM Consulting Engineers Pty Ltd,ermconsulting.net,ermconsulting.net,,,,,,AU,
Moriah College,moriah.nsw.edu.au,moriah.nsw.edu.au,,,,,,AU,
Fresh Hope Communities,freshhope.org.au,freshhope.org.au,,,,,,AU,
FMP Group Australia Pty Ltd,bendixmoto.com.au,bendixmoto.com.au,,,,,,AU,
Adamantem Capital,adamantem.com.au,adamantem.com.au,,,,,,AU,
Australian Nursing & Midwifery Federation (Victorian Branch),anmftas.org.au,anmftas.org.au,,,,,,AU,
Warpforge Ltd,warpforge.com,warpforge.com,,,,,,AU,
Hutchison Ports Australia Pty Ltd Brisbane City,hutchisonports.com.au,hutchisonports.com.au,,,,,,AU,
Oberon Council,oberon.nsw.gov.au,oberon.nsw.gov.au,,,,,,AU,
Raytheon Australia Pty Ltd,raytheonaustralia.com.au,raytheonaustralia.com.au,,,,,,AU,
Darrell Lea Chocolate Shops Pty Ltd Ingleburn,dlea.com.au,dlea.com.au,,,,,,AU,
Iress Ltd,iress.com,iress.com,,,,,,AU,
Paddington Gold Pty Ltd Norton Gold,paddington.com,paddington.com,,,,,,AU,
United Group Infrastructure Pty Ltd South Brisbane,unitedgroups.com.au,unitedgroups.com.au,,,,,,AU,
Penrith Panthers Leagues Club,penrithpanthers.com.au,penrithpanthers.com.au,,,,,,AU,
Newcastle Entertainment Centre,nec.net.au,nec.net.au,,,,,,AU,
Australian Food & Fibre Ltd Midkin Cotton,ausfoodnews.com.au,ausfoodnews.com.au,,,,,,AU,
Beaulieu Of Australia Pty Ltd,beaulieu.com.au,beaulieu.com.au,,,,,,AU,
Tom Price Hospital,tomalprice.com,tomalprice.com,,,,,,AU,
Royal District Nursing Service of SA Ltd,royal.com.au,royal.com.au,,,,,,AU,
St Vincent Hospital Fitzroy,ilovestvincent.com,ilovestvincent.com,,,,,,AU,
Nifty Copper Pty Ltd,nifty.com,nifty.com,,,,,,AU,
Risk Management Technologies Pty Ltd,rmt.com.au,rmt.com.au,,,,,,AU,
KDN Group Pty Ltd,kdngroup.com.au,kdngroup.com.au,,,,,,AU,
CDC Data Centres New Zealand Ltd Silverdale,cdc.com,cdc.com,,,,,,NZ,
Amana Living Corporate Office,amanaliving.com.au,amanaliving.com.au,,,,,,AU,
North Sydney Leagues Club T/As Seagulls Club,northsydneygp.com.au,northsydneygp.com.au,,,,,,AU,
Austin Hospital,austinhospital.com,austinhospital.com,,,,,,AU,
Fairfax Media Ltd - Docklands,fairfaxmediacareers.com,fairfaxmediacareers.com,,,,,,AU,
Macquarie Telecom IC3 STAGE 2,macquarietelecom.com,macquarietelecom.com,,,,,,AU,
JB Hi Fi,jbhifi.com.au,jbhifi.com.au,,,,,,AU,
WAMMCO international,wammco.com.au,wammco.com.au,,,,,,AU,
Amc Management (WA) Pty Ltd,amcmanagementcorp.com,amcmanagementcorp.com,,,,,,AU,
Menarini Australia Pty Ltd,menarini.com.au,menarini.com.au,,,,,,AU,
DATCOM CLOUD PTY LTD,datcom.com.au,datcom.com.au,,,,,,AU,
Kosciusko Thredbo Pty Ltd Thredbo Village,kosciusko.com.au,kosciusko.com.au,,,,,,AU,
Korowa Anglican Girls School,korowa.vic.edu.au,korowa.vic.edu.au,,,,,,AU,
Liverpool City Council Liverpool,liverpool.nsw.gov.au,liverpool.nsw.gov.au,,,,,,AU,
Sacred Heart College Sorrento,shcy.vic.edu.au,shcy.vic.edu.au,,,,,,AU,
PIPER ALDERMAN MANAGEMENT PTY LTD Adelaide,piperalderman.com.au,piperalderman.com.au,,,,,,AU,
Blacktown City Council,blacktown.nsw.gov.au,blacktown.nsw.gov.au,,,,,,AU,
Chargefox,chargefox.com,chargefox.com,,,,,,AU,
Gold Coast Private Hospital Pty Ltd,gcprivatechef.com.au,gcprivatechef.com.au,,,,,,AU,
ICS Industries Pty Ltd,icsindustries.com.au,icsindustries.com.au,,,,,,AU,
Rapid Electrical Service,rapidelectrical.com.au,rapidelectrical.com.au,,,,,,AU,
All Torque Transmissions A'Sia Pty Ltd,alltorquetransmissions.com,alltorquetransmissions.com,,,,,,AU,
Iplex Pipelines Australia Pty Ltd Brendale,iplex.com.au,iplex.com.au,,,,,,AU,
Holmesglen Institute,holmesglen.edu.au,holmesglen.edu.au,,,,,,AU,
Virgin Australia Pty Ltd Brisbane Airport,virginaustralia.com,virginaustralia.com,,,,,,AU,
Technicolor Creative Studios Australia Pty Ltd,technicolorcreative.com,technicolorcreative.com,,,,,,AU,
Newman Hospital,newmanhospitality.com,newmanhospitality.com,,,,,,AU,
Speedcast Australia Pty Ltd,speedcast.com,speedcast.com,,,,,,AU,
Tricare Ltd Upper Mount Gravatt,tricare.mil,tricare.mil,,,,,,AU,
Livingstone International Pty Ltd Mascot,livingstone.com.au,livingstone.com.au,,,,,,AU,
Brikmakers,brikmakers.com,brikmakers.com,,,,,,AU,
Holding Redlich - Melbourne,holdingredlich.com,holdingredlich.com,,,,,,AU,
Auckland Transport Auckland,at.govt.nz,at.govt.nz,,,,,,NZ,
Camberwell Place,camberwellplace.com.au,camberwellplace.com.au,,,,,,AU,
Veolia Environmental Services Pty Ltd (Tarago),veoliatrust.org,veoliatrust.org,,,,,,AU,
Department of Finance - Bmw - Pilbara,finance.gov.au,finance.gov.au,,,,,,AU,
Energy Safe Victoria Southbank,esv.vic.gov.au,esv.vic.gov.au,,,,,,AU,
Manildra Group Narrandera,manildra.com.au,manildra.com.au,,,,,,AU,
Eastlink Tunnel,eastlink.com.au,eastlink.com.au,,,,,,AU,
MULTIPLE SCLEROSIS AUSTRALIA,ms.org,ms.org,,,,,,AU,
Boronia Capital Pty Ltd,boroniacapital.com.au,boroniacapital.com.au,,,,,,AU,
Alphapharm Pty Ltd,alphapharma.com.sa,alphapharma.com.sa,,,,,,AU,
Cairns Airport Pty Ltd,cairnsairport.com.au,cairnsairport.com.au,,,,,,AU,
Bridgetown Hospital,bridgetownrb.com,bridgetownrb.com,,,,,,AU,
Hale School,hale.wa.edu.au,hale.wa.edu.au,,,,,,AU,
Sullivan & Cromwell,sullcrom.com,sullcrom.com,,,,,,AU,
Melbourne Health North Melbourne,melbournehealthco.com.au,melbournehealthco.com.au,,,,,,AU,
Esi Financial Services Pty Ltd,esifinancial.com,esifinancial.com,,,,,,AU,
Shire of Mundaring,mundaring.wa.gov.au,mundaring.wa.gov.au,,,,,,AU,
Hyne & Sons Maryborough,hyne.com.au,hyne.com.au,,,,,,AU,
CMC Markets Asia Pacific Pty Ltd,cmcmarkets.com,cmcmarkets.com,,,,,,AU,
Cathedral College,cathedralcollege.vic.edu.au,cathedralcollege.vic.edu.au,,,,,,AU,
Ballarat City Council - Ballarat Town Hall,ballaratcityfc.com.au,ballaratcityfc.com.au,,,,,,AU,
Rph Medical Research Foundation Incorporated,2rph.org.au,2rph.org.au,,,,,,AU,
Abergeldie Complex Infrastructure Banyo,abergeldie.com,abergeldie.com,,,,,,AU,
Great Southern Bank,greatsouthernbank.com.au,greatsouthernbank.com.au,,,,,,AU,
Halls Creek Hospital,hallscreekmotel.com.au,hallscreekmotel.com.au,,,,,,AU,
Uber Technologies,ub3r.host,ub3r.host,,,,,,AU,
Bond University,bond.edu.au,bond.edu.au,,,,,,AU,
Puma Energy (Australia) Bitumen Pty Ltd - Fortitude Valley,pumaenergy.com.au,pumaenergy.com.au,,,,,,AU,
Cisco Systems Australia Pty Ltd St Leonards,cisco.com,cisco.com,,,,,,AU,
Goodman Fielder Home Ingredience Branch,gffoodservice.com.au,gffoodservice.com.au,,,,,,AU,
Melbourne Institute Of Technology Pty Ltd Melbourne,mit.edu.au,mit.edu.au,,,,,,AU,
Town Of Cambridge Floreat,cambridge.wa.gov.au,cambridge.wa.gov.au,,,,,,AU,
Church Road Winery,churchroad.co,churchroad.co,,,,,,AU,
Flinders Shire Council,flinders.qld.gov.au,flinders.qld.gov.au,,,,,,AU,
HILTON HOTELS - SYDNEY,hiltonsatmanyatabengaluru.com,hiltonsatmanyatabengaluru.com,,,,,,AU,
Moora Hospital,moora.org,moora.org,,,,,,AU,
Morgan Stanley & Co Incorporated,morganstanley.com,morganstanley.com,,,,,,AU,
Prestige Toyota,prestigetoyota-ny.com,prestigetoyota-ny.com,,,,,,AU,
Parramatta Light Rail,parramattaprivateinvestigations.com.au,parramattaprivateinvestigations.com.au,,,,,,AU,
Christian Brothers College,cbc.sa.edu.au,cbc.sa.edu.au,,,,,,AU,
Technology One Ltd Fortitude Valley,technology1.co.nz,technology1.co.nz,,,,,,NZ,
The Southport School,tss.qld.edu.au,tss.qld.edu.au,,,,,,AU,
Evolve FM Pty Ltd Dept of Industry Science Energy Energy & Resources C/- Evolve FM Canberra City,evolve.com,evolve.com,,,,,,AU,
Trucell Pty Ltd,trucell.com.au,trucell.com.au,,,,,,AU,
PPS Mutual Insurance Pty Ltd,ppsmutual.com.au,ppsmutual.com.au,,,,,,AU,
Queenstown Airport Corporation Ltd,queenstownairport.co.nz,queenstownairport.co.nz,,,,,,NZ,
School Curriculum & Standards Authority,scsa.wa.edu.au,scsa.wa.edu.au,,,,,,AU,
Georgiou Group Pty Ltd Osborne Park,georgiou.com.au,georgiou.com.au,,,,,,AU,
Fitness & Lifestyle Group Bidco Pty Ltd,fitness.com.au,fitness.com.au,,,,,,AU,
Marble Bar Nursing Post,marblebarsydney.com.au,marblebarsydney.com.au,,,,,,AU,
Wyndham Hospital,wyndham.com,wyndham.com,,,,,,AU,
Flour Mills Of Fiji Ltd,flourmills.com.au,flourmills.com.au,,,,,,AU,
Employsure Pty Ltd,employsure.com.au,employsure.com.au,,,,,,AU,
Stulz Oceania Pty Ltd,stulz.com,stulz.com,,,,,,AU,
Bingo Industries (Bingo Recycling Centre - Minto),bingoindustries.com.au,bingoindustries.com.au,,,,,,AU,
Sojitz Gregory Mining Pty Ltd Emerald,sojitzblue.com.au,sojitzblue.com.au,,,,,,AU,
Margaret River Hospital,gregthepaver.com.au,gregthepaver.com.au,,,,,,AU,
Kempsey Hospital NSW,kempseycards.com.au,kempseycards.com.au,,,,,,AU,
Port Taranaki LTD,porttaranaki.co.nz,porttaranaki.co.nz,,,,,,NZ,
South32 Group Operations Pty Ltd,southgroupco.com,southgroupco.com,,,,,,AU,
Perth Radiological Clinic Perth,perthradclinic.com.au,perthradclinic.com.au,,,,,,AU,
Strata Plan 86960,strataplan.com.au,strataplan.com.au,,,,,,AU,
Greater Metropolitan Cemetery,greatermetropolitantitle.com,greatermetropolitantitle.com,,,,,,AU,
Publicis Groupe ANZ,publicisgroupeanz.com,publicisgroupeanz.com,,,,,,NZ,
Supagas Pty Ltd,supagas.com.au,supagas.com.au,,,,,,AU,
Spark NEL,spark.com.au,spark.com.au,,,,,,AU,
Body Corporate For Silver @ The Exchange Cts 35205,bodycorpchoice.com.au,bodycorpchoice.com.au,,,,,,AU,
Eastbrooke Centres Pty Ltd,eastbrooke.com.au,eastbrooke.com.au,,,,,,AU,
DPSA,dpsa.gov.za,dpsa.gov.za,,,,,,AU,
Donnybrook Hospital,donnybrooknyc.com,donnybrooknyc.com,,,,,,AU,
Community Enterprise Queensland,ceqld.org.au,ceqld.org.au,,,,,,AU,
Pemberton Hospital,pembertonvenues.co.nz,pembertonvenues.co.nz,,,,,,NZ,
Gensler Australia Pty Ltd,gensler.com,gensler.com,,,,,,AU,
Department of Justice & Community Safety Shepparton,justice.vic.gov.au,justice.vic.gov.au,,,,,,AU,
JURLIQUE INTERNATIONAL PTY. LTD.,jurlique.com.au,jurlique.com.au,,,,,,AU,
Star of the South Wind Farm Pty Ltd,star.com.au,star.com.au,,,,,,AU,
Schweitzer Engineering Laboratories QLD,selinc.com,selinc.com,,,,,,AU,
AusNet Services West Melbourne,ausnetservices.com.au,ausnetservices.com.au,,,,,,AU,
Clayton Utz Darwin,claytonutz.com,claytonutz.com,,,,,,AU,
Google New Zealand Ltd Auckland,google.com,google.com,,,,,,NZ,
Campari Australia Pty Ltd,campari.com,campari.com,,,,,,AU,
IPSTAR Australia Pty Ltd St Leonards,ipstaraustralia.com,ipstaraustralia.com,,,,,,AU,
Boyup Brook Hospital,boyupbrook.wa.gov.au,boyupbrook.wa.gov.au,,,,,,AU,
Activ Foundation Incorporated,activ.asn.au,activ.asn.au,,,,,,AU,
Api Management Pty Ltd,apijv.com.au,apijv.com.au,,,,,,AU,
Unitingcare West,kippax.org.au,kippax.org.au,,,,,,AU,
SENTRIAN PTY LTD,sentrian.com.au,sentrian.com.au,,,,,,AU,
Tpg Holdings Pty Ltd,tpg.com.au,tpg.com.au,,,,,,AU,
TIME & PLACE COMMERCIAL HOLDINGS PTY LTD,time.com,time.com,,,,,,AU,
Cargill Australia Ltd Narrabri,cargill.com,cargill.com,,,,,,AU,
Digital Vision Direct Pty Ltd,thedvi.com,thedvi.com,,,,,,AU,
White & Case,whitecase.com,whitecase.com,,,,,,AU,
Bella Ridge,bellaridge.com.au,bellaridge.com.au,,,,,,AU,
Harmony Light Square Pty Ltd C/- Mrs Property,harmony.one,harmony.one,,,,,,AU,
Australian Glass Group (Holdings) Pty Ltd,agg.com.au,agg.com.au,,,,,,AU,
Eroad Ltd,eroge-road.com,eroge-road.com,,,,,,AU,
QT INTERNATIONAL,qtinternational.com,qtinternational.com,,,,,,AU,
Hanson Construction Materials Pty Ltd Red Hill,hansongc.com,hansongc.com,,,,,,AU,
Sysmex Australia Pty Ltd,sysmex-ap.com,sysmex-ap.com,,,,,,AU,
Augusta Hospital,augusta.com,augusta.com,,,,,,AU,
Royal Institution of Australia,rigb.org,rigb.org,,,,,,AU,
Squire Patton Boggs,squirepattonboggs.com,squirepattonboggs.com,,,,,,AU,
VALMET Corporation,valmet.com,valmet.com,,,,,,AU,
Bureau of Meteorology Docklands,bom.gov.au,bom.gov.au,,,,,,AU,
Steadfast Solutions Pty Ltd,steadfastsolutions.com.au,steadfastsolutions.com.au,,,,,,AU,
Mort & Co Ltd,mortco.com.au,mortco.com.au,,,,,,AU,
Odbok Pty Ltd,odbok.cloud,odbok.cloud,,,,,,AU,
Productivity Commission Canberra,pc.gov.au,pc.gov.au,,,,,,AU,
Campbells,campbells.com.au,campbells.com.au,,,,,,AU,
The University of the South Pacific,usp.ac.fj,usp.ac.fj,,,,,,AU,
Unicharm Australasia Pty Ltd Mentone,unicharm.com.au,unicharm.com.au,,,,,,AU,
Success Venture Melbourne Unit Trust,success-ventures.com,success-ventures.com,,,,,,AU,
Heritage Care Pty Ltd,heritagecare.com.au,heritagecare.com.au,,,,,,AU,
Ceres,ceres.org,ceres.org,,,,,,AU,
Digital Deer Park 2 LLC,digitaldeers.com,digitaldeers.com,,,,,,AU,
Ashford Specialist Centre,ashfordspecialistcentre.com.au,ashfordspecialistcentre.com.au,,,,,,AU,
Cyan Vessel Operations Pty Ltd,cyan.com,cyan.com,,,,,,AU,
JONES LANG LASALLE (NSW) PTY LTD North Sydney,jones.com.au,jones.com.au,,,,,,AU,
Wellways Australia Ltd Bathurst,wellways.org,wellways.org,,,,,,AU,
Curtain World,curtainworld.com.au,curtainworld.com.au,,,,,,AU,
Vermont Private Hospital Pty Ltd,vermont.gov,vermont.gov,,,,,,AU,
DHHS Launceston,dhhsmuseum.org,dhhsmuseum.org,,,,,,AU,
Southern Oil (Northern Oil Refinery),sor.com.au,sor.com.au,,,,,,AU,
Midland Gate Shopping Centre (Midland),midlandgatesc.com.au,midlandgatesc.com.au,,,,,,AU,
Kirkland Lake Gold Ltd,klgold.com,klgold.com,,,,,,AU,
Pantoro Ltd,pantoro.com.au,pantoro.com.au,,,,,,AU,
Rinnai Australia Pty Ltd,rinnai.com.au,rinnai.com.au,,,,,,AU,
Shark Bay Salt Pty Ltd Geraldton,salt.com.au,salt.com.au,,,,,,AU,
Aegis Service Consultancy Pty Ltd,aegisservice.com,aegisservice.com,,,,,,AU,
Northcliffe Nursing Post,northcliffe.org,northcliffe.org,,,,,,AU,
University of Notre Dame Australia Chippendale,nd.edu,nd.edu,,,,,,AU,
Geovado Pty Ltd,geovado.com.au,geovado.com.au,,,,,,AU,
Sara Lee Bakeries Lisarow,saralee.com.au,saralee.com.au,,,,,,AU,
Parkville Nephrology Pty Ltd,parkvillepharma.com,parkvillepharma.com,,,,,,AU,
Tropik Wood Industries Ltd,tropik.com.fj,tropik.com.fj,,,,,,AU,
Dhl Adelaide,dhl.com,dhl.com,,,,,,AU,
MID NORTH COAST LOCAL HEALTH DISTRICT,mncheating.com.au,mncheating.com.au,,,,,,AU,
StateWide Bearings,statewidebearings.com.au,statewidebearings.com.au,,,,,,AU,
Autism Association of WA,autism.org.au,autism.org.au,,,,,,AU,
Qube (Utah Point Berth Facility),qube.com.au,qube.com.au,,,,,,AU,
Holcim Australia (Lynwood Quarry),holcim.com.au,holcim.com.au,,,,,,AU,
Saracen Mineral Holdings (Thunderbox Open Pit),saracen.co,saracen.co,,,,,,AU,
Crown Casino & Entertainment Complex (Southbank),crown.com,crown.com,,,,,,AU,
Barwon Water (Black Rock Sewage Treatment Plant),barwonwater.vic.gov.au,barwonwater.vic.gov.au,,,,,,AU,
Emmaus College Vermont South,emmaus.vic.edu.au,emmaus.vic.edu.au,,,,,,AU,
LOGICALIS AUSTRALIA PTY LTD North Sydney,logicalis.com,logicalis.com,,,,,,AU,
Act Emergency Services Agency Majura,act.org,act.org,,,,,,AU,
EDF Systems Pty Ltd,edfsystems.com,edfsystems.com,,,,,,AU,
Hexagon Safety,hxgnpublicsafety.com,hxgnpublicsafety.com,,,,,,AU,
Asg Group Ltd Perth,asg.az,asg.az,,,,,,AU,
AM Solutions - Queensland,3am-solutions.com,3am-solutions.com,,,,,,AU,
Laminar Communications Pty Ltd,laminarsecurity.com,laminarsecurity.com,,,,,,AU,
Insight Control,insightcontrol.net.au,insightcontrol.net.au,,,,,,AU,
Westnet Pty Ltd,westnet.com.au,westnet.com.au,,,,,,AU,
KLN Group Ripley,kln.com.au,kln.com.au,,,,,,AU,
Redarc Electronics Pty Ltd Lonsdale,redarcelectronics.com,redarcelectronics.com,,,,,,AU,
Enviropacific Services,enviropacific.com.au,enviropacific.com.au,,,,,,AU,
Leader Computers Archerfield,leader-online.com.au,leader-online.com.au,,,,,,AU,
Flow Power,flowpower.com.au,flowpower.com.au,,,,,,AU,
Fawcett Group,fawcettgroup.com.au,fawcettgroup.com.au,,,,,,AU,
Wholegrain Milling Company Pty Ltd,wholegrain.com.au,wholegrain.com.au,,,,,,AU,
Luxury Living Wa Pty Ltd,luxurylivingwa.com,luxurylivingwa.com,,,,,,AU,
Melbourne University Datacentre - Parkville,mubc.asn.au,mubc.asn.au,,,,,,AU,
Coronado Global Resources Inc,coronadoglobal.com,coronadoglobal.com,,,,,,AU,
Newman College WA,newman.wa.edu.au,newman.wa.edu.au,,,,,,AU,
Exchange Tower Perth,shopmyexchange.com,shopmyexchange.com,,,,,,AU,
Concept Logistics (Australia) Pty Ltd,conceptlogistics.com.au,conceptlogistics.com.au,,,,,,AU,
RHA Q4 Region Head office North QLD,bpmis.gov.rw,bpmis.gov.rw,,,,,,AU,
Kirby HVAC&R Pty Ltd Milperra,kirbyhvacr.com.au,kirbyhvacr.com.au,,,,,,AU,
NECA Group Tasmania,necagroup.com,necagroup.com,,,,,,AU,
Garwood International Pty,garwoodinternational.com.au,garwoodinternational.com.au,,,,,,AU,
Australian Meat Industry Council,australianmeatcompany.com.au,australianmeatcompany.com.au,,,,,,AU,
Reece Pty Ltd North Parramatta Plumbing (Showroom),reece.com.au,reece.com.au,,,,,,AU,
REACTIVE GENERATORS PTY LTD,reactivegenerators.com.au,reactivegenerators.com.au,,,,,,AU,
RADIOLOGY SA PTY LTD,radiologysa.com.au,radiologysa.com.au,,,,,,AU,
The Outdoor Education Group,oeg.edu.au,oeg.edu.au,,,,,,AU,
Universal Store Nundah,universalstore.com,universalstore.com,,,,,,AU,
MYOB Brisbane City,myob.com,myob.com,,,,,,AU,
TAFE NSW,tafensw.edu.au,tafensw.edu.au,,,,,,AU,
Gripfast Constructions,gripfast.com,gripfast.com,,,,,,AU,
Mayne Pharma Group Ltd,maynepharma.com,maynepharma.com,,,,,,AU,
Liverpool Hospital,liverpoolhospitality.org.uk,liverpoolhospitality.org.uk,,,,,,AU,
Team Global Express - TOLL Group,teamglobalexp.com,teamglobalexp.com,,,,,,AU,
Karratha Senior High School,karrathashs.wa.edu.au,karrathashs.wa.edu.au,,,,,,AU,
Foresight Group Ltd,foresightgroup.net,foresightgroup.net,,,,,,AU,
Jetstar Airways,jetstar.com,jetstar.com,,,,,,AU,
Bridgeport Energy (QLD) Pty Ltd,bridgeport.com.au,bridgeport.com.au,,,,,,AU,
St Vincents Health & Aged Care,svha.org.au,svha.org.au,,,,,,AU,
The Park Centre For Mental Health,theparkcentre.com.au,theparkcentre.com.au,,,,,,AU,
VicTrack (Head Office),victrack.com.au,victrack.com.au,,,,,,AU,
Toyo Tyre & Rubber Australia Ltd,toyotires.com.au,toyotires.com.au,,,,,,AU,
Buttercup Bakery Pty Ltd,nomessbuttercup.com,nomessbuttercup.com,,,,,,AU,
Synergy Kwinana Naval Base Power Station,synergy.com,synergy.com,,,,,,AU,
Calvary Health Care (Newcastle) Ltd,calvarycare.org.au,calvarycare.org.au,,,,,,AU,
The Arts Centre Melbourne,theartscentregc.com.au,theartscentregc.com.au,,,,,,AU,
St Josephs College Newtown,sje.vic.edu.au,sje.vic.edu.au,,,,,,AU,
Moncrieff Technology Solutions Pty Ltd,moncrieff.com.au,moncrieff.com.au,,,,,,AU,
Swan Care Group Bentley,swancare.com.au,swancare.com.au,,,,,,AU,
Nissan Motor Co. (Australia) Pty Ltd,nissan-global.com,nissan-global.com,,,,,,AU,
Pronet Technology Pty Ltd,pronet.com.au,pronet.com.au,,,,,,AU,
Coles Group (Data Centre),colesgroup.com.au,colesgroup.com.au,,,,,,AU,
Wyndham City Council Werribee,wyndham.vic.gov.au,wyndham.vic.gov.au,,,,,,AU,
Computer Site Solutions Pty Ltd Hindmarsh,computersites.net,computersites.net,,,,,,AU,
Department of Transport & Planning,transport.wa.gov.au,transport.wa.gov.au,,,,,,AU,
Emergency Services Telecommunications Authority Ballarat,emergencyservicesshow.com,emergencyservicesshow.com,,,,,,AU,
Gold Coast University Hospital,goldcoast.qld.gov.au,goldcoast.qld.gov.au,,,,,,AU,
Vinet Solutions Sa Pty Ltd,vinetsolutions.com.au,vinetsolutions.com.au,,,,,,AU,
Netlink Group Pty Ltd,netlink-group.com,netlink-group.com,,,,,,AU,
Thycon Power Industries Pty Ltd,thycon.com.au,thycon.com.au,,,,,,AU,
Natural Power Solutions WA Pty Ltd,nps.com.au,nps.com.au,,,,,,AU,
NetCraft Australia Pty Ltd,netcraft.com.au,netcraft.com.au,,,,,,AU,
The Executive Centre (Perth) Pty Ltd,executivecentre.com,executivecentre.com,,,,,,AU,
CC Pines Pty Ltd,ccpines.com.au,ccpines.com.au,,,,,,AU,
Rad Connect,radconnect.com.au,radconnect.com.au,,,,,,AU,
Craig Mostyn & Co Pty Ltd,craigmostyn.com.au,craigmostyn.com.au,,,,,,AU,
Credit Suisse Finance (Australia) Ltd,credit-suisse.com,credit-suisse.com,,,,,,AU,
St Joseph's Catholic Primary School Clermont,st-joseph.school.nz,st-joseph.school.nz,,,,,,NZ,
Linfox Australia Pty Ltd Hazelmere,linfox.com,linfox.com,,,,,,AU,
Department Of Treasury & Finance West Perth,treasury.nt.gov.au,treasury.nt.gov.au,,,,,,AU,
Translational Research Institute Pty Ltd,tri.edu.au,tri.edu.au,,,,,,AU,
John Sands (Australia) Ltd,johnsands.com.au,johnsands.com.au,,,,,,AU,
E C Throsby Pty Ltd,ecthrosby.com.au,ecthrosby.com.au,,,,,,AU,
Viterra (Glencore Agriculture - Wallaroo),viterra.com,viterra.com,,,,,,AU,
Future Logic West Perth,futurelogic.com.au,futurelogic.com.au,,,,,,AU,
Jsi Telecom Pty Ltd,jsi.com,jsi.com,,,,,,AU,
Broadcast Australia Pty Ltd Brisbane,broadcastaustralia.com.au,broadcastaustralia.com.au,,,,,,AU,
Courts Administration Authority Adelaide,courts.act.gov.au,courts.act.gov.au,,,,,,AU,
Cook Islands Trading Corporation Ltd,citc.co.ck,citc.co.ck,,,,,,AU,
Oceania Group (NZ) Ltd,oceania.co.nz,oceania.co.nz,,,,,,NZ,
Dairyworks Ltd,dairyworks.co.nz,dairyworks.co.nz,,,,,,NZ,
Central Park (Perth),centralpark.com,centralpark.com,,,,,,AU,
BMW Main Service Client Service Department of Housing and Works Building Management & Work,bmwmain.com,bmwmain.com,,,,,,AU,
Serve Tech Pty Ltd,servetech.com.au,servetech.com.au,,,,,,AU,
Perth High Performance Centre,perthnow.com.au,perthnow.com.au,,,,,,AU,
Child Support Agency Brisbane,csa.gov.au,csa.gov.au,,,,,,AU,
Paroo Shire Council,paroo.qld.gov.au,paroo.qld.gov.au,,,,,,AU,
Banyule City Council Greensborough,banyule.vic.gov.au,banyule.vic.gov.au,,,,,,AU,
Advanced Mining Kewdale,advancedmining.io,advancedmining.io,,,,,,AU,
Danone (Nutricia) New Zealand Ltd (Otago),danone.com,danone.com,,,,,,NZ,
Bocce Pty Ltd,bocceristorante.com,bocceristorante.com,,,,,,AU,
Kyndryl Auckland Data Centre (ex-IBM),kyndryl.com,kyndryl.com,,,,,,NZ,
Universal Biosensors Pty Ltd,universalbiosensors.com,universalbiosensors.com,,,,,,AU,
The Wesley Hospital,wesley.com.au,wesley.com.au,,,,,,AU,
